customername,email,phone,birthday,serialnumber,registrationdate,lastupdatedate,sharewithresearchasofdate,sharewithpublicasofdate
Frank Doshi,Frank.Doshi@test.com,8015551212,1/1/1965,159a908a-371e-40c1-ba92-dcdea483a6a2,1.65529E+12,1.65529E+12,1.65529E+12,1.65529E+12
Trevor Lincoln,Trevor.Lincoln@test.com,8015551212,1/1/1964,2bc01cbe-2ea2-4603-b91a-5989b915d392,1.65529E+12,1.65529E+12,1.65529E+12,
Sean Clayton,Sean.Clayton@test.com,8015551212,1/1/1963,fc868710-172e-408b-895d-ba0a5406e4da,1.65529E+12,1.65529E+12,1.65529E+12,
Travis Spencer,Travis.Spencer@test.com,8015551212,1/1/1961,94867fb9-570d-4031-b319-8a9d3b8c1c20,1.65529E+12,1.65529E+12,1.65529E+12,
Bobby Huey,Bobby.Huey@test.com,8015551212,1/1/1959,94867fb9-570d-4031-b319-8a9d3b8c1c20,1.65529E+12,1.65529E+12,1.65529E+12,
Jane Gonzalez,Jane.Gonzalez@test.com,8015551212,1/1/1958,a9c6b46b-01d8-4f86-a8ed-b1bde922932e,1.65529E+12,1.65529E+12,1.65529E+12,
Jaya Doshi,Jaya.Doshi@test.com,8015551212,1/1/1957,fc868710-172e-408b-895d-ba0a5406e4da,1.65529E+12,1.65529E+12,1.65529E+12,1.65529E+12
Ashley Clayton,Ashley.Clayton@test.com,8015551212,1/1/1956,5dd97793-c30e-4b8c-b73f-e4132914495f,1.65529E+12,1.65529E+12,1.65529E+12,1.65529E+12
Trevor Wu,Trevor.Wu@test.com,8015551212,1/1/1955,a9c6b46b-01d8-4f86-a8ed-b1bde922932e,1.65529E+12,1.65529E+12,1.65529E+12,1.65529E+12
Bobby Abram,Bobby.Abram@test.com,8015551212,1/1/1954,2e34a651-5e26-4280-b30b-9f2066496a89,1.65529E+12,1.65529E+12,1.65529E+12,
Suresh Mitra,Suresh.Mitra@test.com,8015551212,1/1/1953,f3161efa-b3ab-49db-8561-f23e1ffc791f,1.65529E+12,1.65529E+12,1.65529E+12,
Spencer Harris,Spencer.Harris@test.com,8015551212,1/1/1951,bdfc0926-a6cb-4567-8798-fd003dd5fadf,1.65529E+12,1.65529E+12,1.65529E+12,
Jerry Harris,Jerry.Harris@test.com,8015551212,1/1/1950,b2892f78-f4bb-49ec-87fc-09d0f443596e,1.65529E+12,1.65529E+12,1.65529E+12,
Jane Wu,Jane.Wu@test.com,8015551212,1/1/1949,938516ed-1680-49f5-993a-6187bf0a1eab,1.65529E+12,1.65529E+12,1.65529E+12,1.65529E+12
Christina Clark,Christina.Clark@test.com,8015551212,1/1/1947,773b5821-b992-4307-b738-d511b9e0a406,1.65529E+12,1.65529E+12,1.65529E+12,1.65529E+12
Travis Clayton,Travis.Clayton@test.com,8015551212,1/1/1946,938516ed-1680-49f5-993a-6187bf0a1eab,1.65529E+12,1.65529E+12,1.65529E+12,
Jaya Olson,Jaya.Olson@test.com,8015551212,1/1/1945,2e34a651-5e26-4280-b30b-9f2066496a89,1.65529E+12,1.65529E+12,1.65529E+12,
Gail Hansen,Gail.Hansen@test.com,8015551212,1/1/1944,a6cd85aa-09fa-4e9c-b28d-38881f6efc3c,1.65529E+12,1.65529E+12,1.65529E+12,
Gail Anandh,Gail.Anandh@test.com,8015551212,1/1/1941,9c0b4b10-9fb4-4a5c-9f69-7a6c796f1256,1.65529E+12,1.65529E+12,1.65529E+12,1.65529E+12
Santosh Harris,Santosh.Harris@test.com,8015551212,1/1/1939,fc868710-172e-408b-895d-ba0a5406e4da,1.65529E+12,1.65529E+12,1.65529E+12,1.65529E+12
Jerry Wu,Jerry.Wu@test.com,8015551212,1/1/1933,f831cb34-4ef3-42cf-9ee7-a0240b515f33,1.65529E+12,1.65529E+12,1.65529E+12,1.65529E+12
Danny Lincoln,Danny.Lincoln@test.com,8015551212,1/1/1931,4ad3c0da-38a9-48f9-9d99-766a717a774c,1.65529E+12,1.65529E+12,1.65529E+12,1.65529E+12
Jacob Clayton,Jacob.Clayton@test.com,8015551212,1/1/1926,f831cb34-4ef3-42cf-9ee7-a0240b515f33,1.65529E+12,1.65529E+12,1.65529E+12,
Jacob Aristotle,Jacob.Aristotle@test.com,8015551212,1/1/1925,773b5821-b992-4307-b738-d511b9e0a406,1.65529E+12,1.65529E+12,1.65529E+12,
Santosh Harris,Santosh.Harris@test.com,8015551212,1/1/1922,bbff8516-ac15-4c1e-8215-df921995e043,1.65529E+12,1.65529E+12,1.65529E+12,1.65529E+12
Sarah Sanchez,Sarah.Sanchez@test.com,8015551212,1/1/1919,a9c6b46b-01d8-4f86-a8ed-b1bde922932e,1.65529E+12,1.65529E+12,1.65529E+12,1.65529E+12
Craig Ahmed,Craig.Ahmed@test.com,8015551212,1/1/1918,a9c6b46b-01d8-4f86-a8ed-b1bde922932e,1.65529E+12,1.65529E+12,1.65529E+12,1.65529E+12
Ben Wu,Ben.Wu@test.com,8015551212,1/1/1917,11b7090f-e244-448b-9807-f74f2762bb6d,1.65529E+12,1.65529E+12,1.65529E+12,
Ashley Anandh,Ashley.Anandh@test.com,8015551212,1/1/1916,5fe9200a-fd9b-4c09-9037-9ed5d14d6f6a,1.65529E+12,1.65529E+12,1.65529E+12,1.65529E+12
David Clark,David.Clark@test.com,8015551212,1/1/1915,5fe9200a-fd9b-4c09-9037-9ed5d14d6f6a,1.65529E+12,1.65529E+12,1.65529E+12,1.65529E+12
Christina Ahmed,Christina.Ahmed@test.com,8015551212,1/1/1912,17486ebd-4c5d-4e84-b592-d1765bacf628,1.65529E+12,1.65529E+12,1.65529E+12,
Senthil Lincoln,Senthil.Lincoln@test.com,8015551212,1/1/1909,17486ebd-4c5d-4e84-b592-d1765bacf628,1.65529E+12,1.65529E+12,1.65529E+12,
Liz Anandh,Liz.Anandh@test.com,8015551212,1/1/1907,b8a9332d-39f7-4994-a299-d60a747d288b,1.65529E+12,1.65529E+12,1.65529E+12,1.65529E+12
Craig Howard,Craig.Howard@test.com,8015551212,1/1/1906,2bc01cbe-2ea2-4603-b91a-5989b915d392,1.65529E+12,1.65529E+12,1.65529E+12,
Santosh Olson,Santosh.Olson@test.com,8015551212,1/1/1904,a6cd85aa-09fa-4e9c-b28d-38881f6efc3c,1.65529E+12,1.65529E+12,1.65529E+12,1.65529E+12
John Clark,John.Clark@test.com,8015551212,1/1/1903,51439e39-27f8-4c04-95e3-dea5a6c4f7c1,1.65529E+12,1.65529E+12,1.65529E+12,
Jane Staples,Jane.Staples@test.com,8015551212,1/1/1902,bdfc0926-a6cb-4567-8798-fd003dd5fadf,1.65529E+12,1.65529E+12,1.65529E+12,
Ashley Jackson,Ashley.Jackson@test.com,8015551212,1/1/1900,fc868710-172e-408b-895d-ba0a5406e4da,1.65529E+12,1.65529E+12,1.65529E+12,1.65529E+12
Frank Mitra,Frank.Mitra@test.com,8015551212,1895-01-01,773b5821-b992-4307-b738-d511b9e0a406,1.65529E+12,1.65529E+12,1.65529E+12,1.65529E+12
Jerry Jackson,Jerry.Jackson@test.com,8015551212,1891-01-01,bbff8516-ac15-4c1e-8215-df921995e043,1.65529E+12,1.65529E+12,1.65529E+12,
Trevor Habschied,Trevor.Habschied@test.com,8015551212,1889-01-01,159a908a-371e-40c1-ba92-dcdea483a6a2,1.65529E+12,1.65529E+12,1.65529E+12,1.65529E+12
Christina Mitra,Christina.Mitra@test.com,8015551212,1885-01-01,a6cd85aa-09fa-4e9c-b28d-38881f6efc3c,1.65529E+12,1.65529E+12,1.65529E+12,1.65529E+12
Frank Davis,Frank.Davis@test.com,8015551212,1884-01-01,3fe69104-657e-45a1-bd6e-fece3e42de85,1.65529E+12,1.65529E+12,1.65529E+12,
Manoj Spencer,Manoj.Spencer@test.com,8015551212,1883-01-01,3fe69104-657e-45a1-bd6e-fece3e42de85,1.65529E+12,1.65529E+12,1.65529E+12,1.65529E+12
Frank Wu,Frank.Wu@test.com,8015551212,1880-01-01,2bc01cbe-2ea2-4603-b91a-5989b915d392,1.65529E+12,1.65529E+12,1.65529E+12,1.65529E+12
Bobby Clark,Bobby.Clark@test.com,8015551212,1879-01-01,54b577cf-bb80-4019-9e1c-5f9c53c4745f,1.65529E+12,1.65529E+12,1.65529E+12,1.65529E+12
Jason Jefferson,Jason.Jefferson@test.com,8015551212,1878-01-01,74db2795-a19f-48c6-bc20-a8660525dad3,1.65529E+12,1.65529E+12,1.65529E+12,1.65529E+12
Eric Harris,Eric.Harris@test.com,8015551212,1877-01-01,74db2795-a19f-48c6-bc20-a8660525dad3,1.65529E+12,1.65529E+12,1.65529E+12,1.65529E+12
Manoj Wu,Manoj.Wu@test.com,8015551212,1876-01-01,54b577cf-bb80-4019-9e1c-5f9c53c4745f,1.65529E+12,1.65529E+12,1.65529E+12,
Larry Jones,Larry.Jones@test.com,8015551212,1873-01-01,74db2795-a19f-48c6-bc20-a8660525dad3,1.65529E+12,1.65529E+12,1.65529E+12,1.65529E+12
Liz Davis,Liz.Davis@test.com,8015551212,1872-01-01,4ad3c0da-38a9-48f9-9d99-766a717a774c,1.65529E+12,1.65529E+12,1.65529E+12,1.65529E+12
Travis Anderson,Travis.Anderson@test.com,8015551212,1870-01-01,4215444e-7472-4c4c-af8a-0cbd79f56477,1.65529E+12,1.65529E+12,1.65529E+12,
Jaya Spencer,Jaya.Spencer@test.com,8015551212,1864-01-01,2e34a651-5e26-4280-b30b-9f2066496a89,1.65529E+12,1.65529E+12,1.65529E+12,
Manoj Staples,Manoj.Staples@test.com,8015551212,1863-01-01,bdfc0926-a6cb-4567-8798-fd003dd5fadf,1.65529E+12,1.65529E+12,1.65529E+12,
Suresh Clark,Suresh.Clark@test.com,8015551212,1861-01-01,9c0b4b10-9fb4-4a5c-9f69-7a6c796f1256,1.65529E+12,1.65529E+12,1.65529E+12,
Danny Jones,Danny.Jones@test.com,8015551212,1859-01-01,54b577cf-bb80-4019-9e1c-5f9c53c4745f,1.65529E+12,1.65529E+12,1.65529E+12,
Travis Anderson,Travis.Anderson@test.com,8015551212,1853-01-01,bdfc0926-a6cb-4567-8798-fd003dd5fadf,1.65529E+12,1.65529E+12,1.65529E+12,1.65529E+12
Santosh Wu,Santosh.Wu@test.com,8015551212,1852-01-01,773b5821-b992-4307-b738-d511b9e0a406,1.65529E+12,1.65529E+12,1.65529E+12,
Ashley Abram,Ashley.Abram@test.com,8015551212,1851-01-01,159a908a-371e-40c1-ba92-dcdea483a6a2,1.65529E+12,1.65529E+12,1.65529E+12,
Gail Ahmed,Gail.Ahmed@test.com,8015551212,1850-01-01,159a908a-371e-40c1-ba92-dcdea483a6a2,1.65529E+12,1.65529E+12,1.65529E+12,
Craig Spencer,Craig.Spencer@test.com,8015551212,1849-01-01,5dd97793-c30e-4b8c-b73f-e4132914495f,1.65529E+12,1.65529E+12,1.65529E+12,1.65529E+12
Spencer Anderson,Spencer.Anderson@test.com,8015551212,1847-01-01,4ad3c0da-38a9-48f9-9d99-766a717a774c,1.65529E+12,1.65529E+12,1.65529E+12,1.65529E+12
Christina Jones,Christina.Jones@test.com,8015551212,1843-01-01,2bc01cbe-2ea2-4603-b91a-5989b915d392,1.65529E+12,1.65529E+12,1.65529E+12,1.65529E+12
Christina Wu,Christina.Wu@test.com,8015551212,1838-01-01,11b7090f-e244-448b-9807-f74f2762bb6d,1.65529E+12,1.65529E+12,1.65529E+12,1.65529E+12
Ashley Doshi,Ashley.Doshi@test.com,8015551212,1837-01-01,a9c6b46b-01d8-4f86-a8ed-b1bde922932e,1.65529E+12,1.65529E+12,1.65529E+12,
Bobby Olson,Bobby.Olson@test.com,8015551212,1836-01-01,ece6edf8-a14c-4489-a41c-98fe1b72b059,1.65529E+12,1.65529E+12,1.65529E+12,1.65529E+12
Eric Mitra,Eric.Mitra@test.com,8015551212,1833-01-01,bbff8516-ac15-4c1e-8215-df921995e043,1.65529E+12,1.65529E+12,1.65529E+12,1.65529E+12
Neeraj Gonzalez,Neeraj.Gonzalez@test.com,8015551212,1831-01-01,4ad3c0da-38a9-48f9-9d99-766a717a774c,1.65529E+12,1.65529E+12,1.65529E+12,
Christina Habschied,Christina.Habschied@test.com,8015551212,1827-01-01,9c0b4b10-9fb4-4a5c-9f69-7a6c796f1256,1.65529E+12,1.65529E+12,1.65529E+12,1.65529E+12
Liz Olson,Liz.Olson@test.com,8015551212,1826-01-01,41e55307-c7c3-4a9a-a607-61a8c1038456,1.65529E+12,1.65529E+12,1.65529E+12,
Eric Lincoln,Eric.Lincoln@test.com,8015551212,1825-01-01,938516ed-1680-49f5-993a-6187bf0a1eab,1.65529E+12,1.65529E+12,1.65529E+12,1.65529E+12
Bobby Jefferson,Bobby.Jefferson@test.com,8015551212,1824-01-01,74db2795-a19f-48c6-bc20-a8660525dad3,1.65529E+12,1.65529E+12,1.65529E+12,
Craig Harris,Craig.Harris@test.com,8015551212,1821-01-01,9c0b4b10-9fb4-4a5c-9f69-7a6c796f1256,1.65529E+12,1.65529E+12,1.65529E+12,1.65529E+12
Danny Gonzalez,Danny.Gonzalez@test.com,8015551212,1820-01-01,5d9bf1f7-0492-4bac-842b-3ed958fa5ba1,1.65529E+12,1.65529E+12,1.65529E+12,1.65529E+12
Neeraj Ahmed,Neeraj.Ahmed@test.com,8015551212,1819-01-01,159a908a-371e-40c1-ba92-dcdea483a6a2,1.65529E+12,1.65529E+12,1.65529E+12,
David Spencer,David.Spencer@test.com,8015551212,1815-01-01,54b577cf-bb80-4019-9e1c-5f9c53c4745f,1.65529E+12,1.65529E+12,1.65529E+12,1.65529E+12
Dan Jackson,Dan.Jackson@test.com,8015551212,1814-01-01,41e55307-c7c3-4a9a-a607-61a8c1038456,1.65529E+12,1.65529E+12,1.65529E+12,1.65529E+12
Frank Jones,Frank.Jones@test.com,8015551212,1813-01-01,54b577cf-bb80-4019-9e1c-5f9c53c4745f,1.65529E+12,1.65529E+12,1.65529E+12,
Jerry Clayton,Jerry.Clayton@test.com,8015551212,1812-01-01,ece6edf8-a14c-4489-a41c-98fe1b72b059,1.65529E+12,1.65529E+12,1.65529E+12,1.65529E+12
Frank Aristotle,Frank.Aristotle@test.com,8015551212,1809-01-01,4ad3c0da-38a9-48f9-9d99-766a717a774c,1.65529E+12,1.65529E+12,1.65529E+12,1.65529E+12
Jerry Staples,Jerry.Staples@test.com,8015551212,1806-01-01,74db2795-a19f-48c6-bc20-a8660525dad3,1.65529E+12,1.65529E+12,1.65529E+12,1.65529E+12
Jaya Doshi,Jaya.Doshi@test.com,8015551212,1805-01-01,f3161efa-b3ab-49db-8561-f23e1ffc791f,1.65529E+12,1.65529E+12,1.65529E+12,
Sarah Howard,Sarah.Howard@test.com,8015551212,1800-01-01,51fe4a0b-84bf-4fd8-ac10-638481219601,1.65529E+12,1.65529E+12,1.65529E+12,1.65529E+12
Neeraj Smith,Neeraj.Smith@test.com,8015551212,1798-01-01,b8a9332d-39f7-4994-a299-d60a747d288b,1.65529E+12,1.65529E+12,1.65529E+12,
John Anderson,John.Anderson@test.com,8015551212,1793-01-01,5fe9200a-fd9b-4c09-9037-9ed5d14d6f6a,1.65529E+12,1.65529E+12,1.65529E+12,1.65529E+12
Lyn Doshi,Lyn.Doshi@test.com,8015551212,1792-01-01,51fe4a0b-84bf-4fd8-ac10-638481219601,1.65529E+12,1.65529E+12,1.65529E+12,
Neeraj Khatib,Neeraj.Khatib@test.com,8015551212,1791-01-01,2bc01cbe-2ea2-4603-b91a-5989b915d392,1.65529E+12,1.65529E+12,1.65529E+12,1.65529E+12
Edward Clark,Edward.Clark@test.com,8015551212,1789-01-01,f831cb34-4ef3-42cf-9ee7-a0240b515f33,1.65529E+12,1.65529E+12,1.65529E+12,1.65529E+12
Santosh Davis,Santosh.Davis@test.com,8015551212,1788-01-01,54b577cf-bb80-4019-9e1c-5f9c53c4745f,1.65529E+12,1.65529E+12,1.65529E+12,1.65529E+12
Suresh Anandh,Suresh.Anandh@test.com,8015551212,1787-01-01,3fe69104-657e-45a1-bd6e-fece3e42de85,1.65529E+12,1.65529E+12,1.65529E+12,1.65529E+12
Gail Clayton,Gail.Clayton@test.com,8015551212,1786-01-01,2bc01cbe-2ea2-4603-b91a-5989b915d392,1.65529E+12,1.65529E+12,1.65529E+12,
Suresh Anandh,Suresh.Anandh@test.com,8015551212,1785-01-01,a6cd85aa-09fa-4e9c-b28d-38881f6efc3c,1.65529E+12,1.65529E+12,1.65529E+12,
Edward Howard,Edward.Howard@test.com,8015551212,1784-01-01,51fe4a0b-84bf-4fd8-ac10-638481219601,1.65529E+12,1.65529E+12,1.65529E+12,1.65529E+12
Jason Smith,Jason.Smith@test.com,8015551212,1783-01-01,41e55307-c7c3-4a9a-a607-61a8c1038456,1.65529E+12,1.65529E+12,1.65529E+12,
Bobby Harris,Bobby.Harris@test.com,8015551212,1779-01-01,51fe4a0b-84bf-4fd8-ac10-638481219601,1.65529E+12,1.65529E+12,1.65529E+12,1.65529E+12
Jane Aristotle,Jane.Aristotle@test.com,8015551212,1777-01-01,54b577cf-bb80-4019-9e1c-5f9c53c4745f,1.65529E+12,1.65529E+12,1.65529E+12,
Bobby Sanchez,Bobby.Sanchez@test.com,8015551212,1776-01-01,5fe9200a-fd9b-4c09-9037-9ed5d14d6f6a,1.65529E+12,1.65529E+12,1.65529E+12,
Senthil Huey,Senthil.Huey@test.com,8015551212,1775-01-01,4ad3c0da-38a9-48f9-9d99-766a717a774c,1.65529E+12,1.65529E+12,1.65529E+12,1.65529E+12
Jane Doshi,Jane.Doshi@test.com,8015551212,1774-01-01,773b5821-b992-4307-b738-d511b9e0a406,1.65529E+12,1.65529E+12,1.65529E+12,1.65529E+12
Jason Anderson,Jason.Anderson@test.com,8015551212,1771-01-01,a6cd85aa-09fa-4e9c-b28d-38881f6efc3c,1.65529E+12,1.65529E+12,1.65529E+12,
Trevor Gonzalez,Trevor.Gonzalez@test.com,8015551212,1770-01-01,a9c6b46b-01d8-4f86-a8ed-b1bde922932e,1.65529E+12,1.65529E+12,1.65529E+12,
Danny Olson,Danny.Olson@test.com,8015551212,1769-01-01,51fe4a0b-84bf-4fd8-ac10-638481219601,1.65529E+12,1.65529E+12,1.65529E+12,1.65529E+12
Lyn Clark,Lyn.Clark@test.com,8015551212,1768-01-01,54b577cf-bb80-4019-9e1c-5f9c53c4745f,1.65529E+12,1.65529E+12,1.65529E+12,
Santosh Olson,Santosh.Olson@test.com,8015551212,1765-01-01,5dd97793-c30e-4b8c-b73f-e4132914495f,1.65529E+12,1.65529E+12,1.65529E+12,1.65529E+12
Eric Habschied,Eric.Habschied@test.com,8015551212,1764-01-01,74db2795-a19f-48c6-bc20-a8660525dad3,1.65529E+12,1.65529E+12,1.65529E+12,
Senthil Anandh,Senthil.Anandh@test.com,8015551212,1756-01-01,f831cb34-4ef3-42cf-9ee7-a0240b515f33,1.65529E+12,1.65529E+12,1.65529E+12,1.65529E+12
John Howard,John.Howard@test.com,8015551212,1755-01-01,51fe4a0b-84bf-4fd8-ac10-638481219601,1.65529E+12,1.65529E+12,1.65529E+12,1.65529E+12
Christina Smith,Christina.Smith@test.com,8015551212,1753-01-01,41e55307-c7c3-4a9a-a607-61a8c1038456,1.65529E+12,1.65529E+12,1.65529E+12,
Senthil Jones,Senthil.Jones@test.com,8015551212,1752-01-01,74db2795-a19f-48c6-bc20-a8660525dad3,1.65529E+12,1.65529E+12,1.65529E+12,
Senthil Clayton,Senthil.Clayton@test.com,8015551212,1748-01-01,51fe4a0b-84bf-4fd8-ac10-638481219601,1.65529E+12,1.65529E+12,1.65529E+12,
Larry Staples,Larry.Staples@test.com,8015551212,1747-01-01,94867fb9-570d-4031-b319-8a9d3b8c1c20,1.65529E+12,1.65529E+12,1.65529E+12,
Gail Olson,Gail.Olson@test.com,8015551212,1745-01-01,51fe4a0b-84bf-4fd8-ac10-638481219601,1.65529E+12,1.65529E+12,1.65529E+12,1.65529E+12
Ashley Aristotle,Ashley.Aristotle@test.com,8015551212,1744-01-01,5dd97793-c30e-4b8c-b73f-e4132914495f,1.65529E+12,1.65529E+12,1.65529E+12,
Jane Harris,Jane.Harris@test.com,8015551212,1740-01-01,11b7090f-e244-448b-9807-f74f2762bb6d,1.65529E+12,1.65529E+12,1.65529E+12,
Neeraj Jefferson,Neeraj.Jefferson@test.com,8015551212,1734-01-01,5dd97793-c30e-4b8c-b73f-e4132914495f,1.65529E+12,1.65529E+12,1.65529E+12,1.65529E+12
Sarah Gonzalez,Sarah.Gonzalez@test.com,8015551212,1732-01-01,5fe9200a-fd9b-4c09-9037-9ed5d14d6f6a,1.65529E+12,1.65529E+12,1.65529E+12,1.65529E+12
Neeraj Aristotle,Neeraj.Aristotle@test.com,8015551212,1730-01-01,773b5821-b992-4307-b738-d511b9e0a406,1.65529E+12,1.65529E+12,1.65529E+12,
Spencer Doshi,Spencer.Doshi@test.com,8015551212,1727-01-01,159a908a-371e-40c1-ba92-dcdea483a6a2,1.65529E+12,1.65529E+12,1.65529E+12,
Larry Anderson,Larry.Anderson@test.com,8015551212,1726-01-01,bbff8516-ac15-4c1e-8215-df921995e043,1.65529E+12,1.65529E+12,1.65529E+12,
Jaya Wu,Jaya.Wu@test.com,8015551212,1724-01-01,2e34a651-5e26-4280-b30b-9f2066496a89,1.65529E+12,1.65529E+12,1.65529E+12,
Travis Gonzalez,Travis.Gonzalez@test.com,8015551212,1723-01-01,51fe4a0b-84bf-4fd8-ac10-638481219601,1.65529E+12,1.65529E+12,1.65529E+12,1.65529E+12
Bobby Harris,Bobby.Harris@test.com,8015551212,1722-01-01,5dd97793-c30e-4b8c-b73f-e4132914495f,1.65529E+12,1.65529E+12,1.65529E+12,1.65529E+12
Craig Anderson,Craig.Anderson@test.com,8015551212,1717-01-01,f831cb34-4ef3-42cf-9ee7-a0240b515f33,1.65529E+12,1.65529E+12,1.65529E+12,1.65529E+12
Jane Jefferson,Jane.Jefferson@test.com,8015551212,1716-01-01,2e34a651-5e26-4280-b30b-9f2066496a89,1.65529E+12,1.65529E+12,1.65529E+12,
Jacob Lincoln,Jacob.Lincoln@test.com,8015551212,1715-01-01,f3161efa-b3ab-49db-8561-f23e1ffc791f,1.65529E+12,1.65529E+12,1.65529E+12,1.65529E+12
Sarah Mitra,Sarah.Mitra@test.com,8015551212,1714-01-01,fc868710-172e-408b-895d-ba0a5406e4da,1.65529E+12,1.65529E+12,1.65529E+12,1.65529E+12
Jane Olson,Jane.Olson@test.com,8015551212,1713-01-01,9c0b4b10-9fb4-4a5c-9f69-7a6c796f1256,1.65529E+12,1.65529E+12,1.65529E+12,
Gail Lincoln,Gail.Lincoln@test.com,8015551212,1709-01-01,11b7090f-e244-448b-9807-f74f2762bb6d,1.65529E+12,1.65529E+12,1.65529E+12,
Sarah Mitra,Sarah.Mitra@test.com,8015551212,1707-01-01,51fe4a0b-84bf-4fd8-ac10-638481219601,1.65529E+12,1.65529E+12,1.65529E+12,1.65529E+12
Larry Spencer,Larry.Spencer@test.com,8015551212,1706-01-01,2e34a651-5e26-4280-b30b-9f2066496a89,1.65529E+12,1.65529E+12,1.65529E+12,1.65529E+12
Jacob Hansen,Jacob.Hansen@test.com,8015551212,1705-01-01,f3161efa-b3ab-49db-8561-f23e1ffc791f,1.65529E+12,1.65529E+12,1.65529E+12,1.65529E+12
Frank Anderson,Frank.Anderson@test.com,8015551212,1704-01-01,41e55307-c7c3-4a9a-a607-61a8c1038456,1.65529E+12,1.65529E+12,1.65529E+12,
John Aristotle,John.Aristotle@test.com,8015551212,1702-01-01,a9c6b46b-01d8-4f86-a8ed-b1bde922932e,1.65529E+12,1.65529E+12,1.65529E+12,
Ashley Jones,Ashley.Jones@test.com,8015551212,1698-01-01,2bc01cbe-2ea2-4603-b91a-5989b915d392,1.65529E+12,1.65529E+12,1.65529E+12,1.65529E+12
Jerry Doshi,Jerry.Doshi@test.com,8015551212,1696-01-01,5dd97793-c30e-4b8c-b73f-e4132914495f,1.65529E+12,1.65529E+12,1.65529E+12,1.65529E+12
Spencer Jones,Spencer.Jones@test.com,8015551212,1695-01-01,b2892f78-f4bb-49ec-87fc-09d0f443596e,1.65529E+12,1.65529E+12,1.65529E+12,1.65529E+12
Frank Abram,Frank.Abram@test.com,8015551212,1692-01-01,bbff8516-ac15-4c1e-8215-df921995e043,1.65529E+12,1.65529E+12,1.65529E+12,1.65529E+12
Jaya Harris,Jaya.Harris@test.com,8015551212,1688-01-01,bdfc0926-a6cb-4567-8798-fd003dd5fadf,1.65529E+12,1.65529E+12,1.65529E+12,1.65529E+12
Angie Davis,Angie.Davis@test.com,8015551212,1687-01-01,f3161efa-b3ab-49db-8561-f23e1ffc791f,1.65529E+12,1.65529E+12,1.65529E+12,1.65529E+12
Edward Phillips,Edward.Phillips@test.com,8015551212,1682-01-01,ece6edf8-a14c-4489-a41c-98fe1b72b059,1.65529E+12,1.65529E+12,1.65529E+12,1.65529E+12
Suresh Harris,Suresh.Harris@test.com,8015551212,1681-01-01,5dd97793-c30e-4b8c-b73f-e4132914495f,1.65529E+12,1.65529E+12,1.65529E+12,1.65529E+12
David Lincoln,David.Lincoln@test.com,8015551212,1680-01-01,2e34a651-5e26-4280-b30b-9f2066496a89,1.65529E+12,1.65529E+12,1.65529E+12,
John Lincoln,John.Lincoln@test.com,8015551212,1679-01-01,f831cb34-4ef3-42cf-9ee7-a0240b515f33,1.65529E+12,1.65529E+12,1.65529E+12,
Sean Harris,Sean.Harris@test.com,8015551212,1673-01-01,773b5821-b992-4307-b738-d511b9e0a406,1.65529E+12,1.65529E+12,1.65529E+12,1.65529E+12
Jaya Hansen,Jaya.Hansen@test.com,8015551212,1668-01-01,159a908a-371e-40c1-ba92-dcdea483a6a2,1.65529E+12,1.65529E+12,1.65529E+12,1.65529E+12
Santosh Aristotle,Santosh.Aristotle@test.com,8015551212,1666-01-01,2bc01cbe-2ea2-4603-b91a-5989b915d392,1.65529E+12,1.65529E+12,1.65529E+12,1.65529E+12
Bobby Clark,Bobby.Clark@test.com,8015551212,1665-01-01,54b577cf-bb80-4019-9e1c-5f9c53c4745f,1.65529E+12,1.65529E+12,1.65529E+12,
Sarah Smith,Sarah.Smith@test.com,8015551212,1664-01-01,74db2795-a19f-48c6-bc20-a8660525dad3,1.65529E+12,1.65529E+12,1.65529E+12,1.65529E+12
Ben Clark,Ben.Clark@test.com,8015551212,1663-01-01,11b7090f-e244-448b-9807-f74f2762bb6d,1.65529E+12,1.65529E+12,1.65529E+12,
Gail Jackson,Gail.Jackson@test.com,8015551212,1662-01-01,fc868710-172e-408b-895d-ba0a5406e4da,1.65529E+12,1.65529E+12,1.65529E+12,1.65529E+12
Bobby Staples,Bobby.Staples@test.com,8015551212,1660-01-01,938516ed-1680-49f5-993a-6187bf0a1eab,1.65529E+12,1.65529E+12,1.65529E+12,
Jerry Staples,Jerry.Staples@test.com,8015551212,1655-01-01,773b5821-b992-4307-b738-d511b9e0a406,1.65529E+12,1.65529E+12,1.65529E+12,
Jason Hansen,Jason.Hansen@test.com,8015551212,1654-01-01,bbff8516-ac15-4c1e-8215-df921995e043,1.65529E+12,1.65529E+12,1.65529E+12,
Christina Hansen,Christina.Hansen@test.com,8015551212,1651-01-01,41e55307-c7c3-4a9a-a607-61a8c1038456,1.65529E+12,1.65529E+12,1.65529E+12,
Sarah Jones,Sarah.Jones@test.com,8015551212,1650-01-01,94867fb9-570d-4031-b319-8a9d3b8c1c20,1.65529E+12,1.65529E+12,1.65529E+12,
Liz Habschied,Liz.Habschied@test.com,8015551212,1649-01-01,773b5821-b992-4307-b738-d511b9e0a406,1.65529E+12,1.65529E+12,1.65529E+12,
Senthil Jackson,Senthil.Jackson@test.com,8015551212,1648-01-01,773b5821-b992-4307-b738-d511b9e0a406,1.65529E+12,1.65529E+12,1.65529E+12,1.65529E+12
Christina Harris,Christina.Harris@test.com,8015551212,1646-01-01,938516ed-1680-49f5-993a-6187bf0a1eab,1.65529E+12,1.65529E+12,1.65529E+12,
Jason Abram,Jason.Abram@test.com,8015551212,1645-01-01,b2892f78-f4bb-49ec-87fc-09d0f443596e,1.65529E+12,1.65529E+12,1.65529E+12,
Jerry Jefferson,Jerry.Jefferson@test.com,8015551212,1644-01-01,51fe4a0b-84bf-4fd8-ac10-638481219601,1.65529E+12,1.65529E+12,1.65529E+12,
Frank Jefferson,Frank.Jefferson@test.com,8015551212,1640-01-01,5fe9200a-fd9b-4c09-9037-9ed5d14d6f6a,1.65529E+12,1.65529E+12,1.65529E+12,
Jacob Sanchez,Jacob.Sanchez@test.com,8015551212,1639-01-01,94867fb9-570d-4031-b319-8a9d3b8c1c20,1.65529E+12,1.65529E+12,1.65529E+12,
Bobby Jones,Bobby.Jones@test.com,8015551212,1637-01-01,17486ebd-4c5d-4e84-b592-d1765bacf628,1.65529E+12,1.65529E+12,1.65529E+12,
Gail Smith,Gail.Smith@test.com,8015551212,1636-01-01,9c0b4b10-9fb4-4a5c-9f69-7a6c796f1256,1.65529E+12,1.65529E+12,1.65529E+12,
Sarah Jefferson,Sarah.Jefferson@test.com,8015551212,1635-01-01,4ad3c0da-38a9-48f9-9d99-766a717a774c,1.65529E+12,1.65529E+12,1.65529E+12,1.65529E+12
Trevor Wu,Trevor.Wu@test.com,8015551212,1633-01-01,bdfc0926-a6cb-4567-8798-fd003dd5fadf,1.65529E+12,1.65529E+12,1.65529E+12,
Neeraj Anderson,Neeraj.Anderson@test.com,8015551212,1632-01-01,a6cd85aa-09fa-4e9c-b28d-38881f6efc3c,1.65529E+12,1.65529E+12,1.65529E+12,1.65529E+12
Trevor Smith,Trevor.Smith@test.com,8015551212,1631-01-01,94867fb9-570d-4031-b319-8a9d3b8c1c20,1.65529E+12,1.65529E+12,1.65529E+12,1.65529E+12
Jane Khatib,Jane.Khatib@test.com,8015551212,1630-01-01,a9c6b46b-01d8-4f86-a8ed-b1bde922932e,1.65529E+12,1.65529E+12,1.65529E+12,
Bobby Ahmed,Bobby.Ahmed@test.com,8015551212,1628-01-01,bbff8516-ac15-4c1e-8215-df921995e043,1.65529E+12,1.65529E+12,1.65529E+12,1.65529E+12
Jason Abram,Jason.Abram@test.com,8015551212,1627-01-01,4ad3c0da-38a9-48f9-9d99-766a717a774c,1.65529E+12,1.65529E+12,1.65529E+12,
Frank Fibonnaci,Frank.Fibonnaci@test.com,8015551212,1625-01-01,5d9bf1f7-0492-4bac-842b-3ed958fa5ba1,1.65529E+12,1.65529E+12,1.65529E+12,
Manoj Gonzalez,Manoj.Gonzalez@test.com,8015551212,1623-01-01,51fe4a0b-84bf-4fd8-ac10-638481219601,1.65529E+12,1.65529E+12,1.65529E+12,
Santosh Ahmed,Santosh.Ahmed@test.com,8015551212,1621-01-01,74db2795-a19f-48c6-bc20-a8660525dad3,1.65529E+12,1.65529E+12,1.65529E+12,1.65529E+12
Dan Anderson,Dan.Anderson@test.com,8015551212,1620-01-01,4215444e-7472-4c4c-af8a-0cbd79f56477,1.65529E+12,1.65529E+12,1.65529E+12,
Christina Doshi,Christina.Doshi@test.com,8015551212,1617-01-01,51fe4a0b-84bf-4fd8-ac10-638481219601,1.65529E+12,1.65529E+12,1.65529E+12,1.65529E+12
Suresh Howard,Suresh.Howard@test.com,8015551212,1616-01-01,f831cb34-4ef3-42cf-9ee7-a0240b515f33,1.65529E+12,1.65529E+12,1.65529E+12,1.65529E+12
Christina Sanchez,Christina.Sanchez@test.com,8015551212,1613-01-01,2bc01cbe-2ea2-4603-b91a-5989b915d392,1.65529E+12,1.65529E+12,1.65529E+12,1.65529E+12
Jason Jones,Jason.Jones@test.com,8015551212,1611-01-01,54b577cf-bb80-4019-9e1c-5f9c53c4745f,1.65529E+12,1.65529E+12,1.65529E+12,
Lyn Anderson,Lyn.Anderson@test.com,8015551212,1610-01-01,51fe4a0b-84bf-4fd8-ac10-638481219601,1.65529E+12,1.65529E+12,1.65529E+12,
Sarah Fibonnaci,Sarah.Fibonnaci@test.com,8015551212,1608-01-01,5dd97793-c30e-4b8c-b73f-e4132914495f,1.65529E+12,1.65529E+12,1.65529E+12,1.65529E+12
Senthil Wu,Senthil.Wu@test.com,8015551212,1607-01-01,a9c6b46b-01d8-4f86-a8ed-b1bde922932e,1.65529E+12,1.65529E+12,1.65529E+12,1.65529E+12
Jason Harris,Jason.Harris@test.com,8015551212,1606-01-01,fc868710-172e-408b-895d-ba0a5406e4da,1.65529E+12,1.65529E+12,1.65529E+12,1.65529E+12
Senthil Jefferson,Senthil.Jefferson@test.com,8015551212,1600-01-01,94867fb9-570d-4031-b319-8a9d3b8c1c20,1.65529E+12,1.65529E+12,1.65529E+12,
Jerry Abram,Jerry.Abram@test.com,8015551212,1599-01-01,74db2795-a19f-48c6-bc20-a8660525dad3,1.65529E+12,1.65529E+12,1.65529E+12,1.65529E+12
John Ahmed,John.Ahmed@test.com,8015551212,1597-01-01,74db2795-a19f-48c6-bc20-a8660525dad3,1.65529E+12,1.65529E+12,1.65529E+12,
Suresh Phillips,Suresh.Phillips@test.com,8015551212,1596-01-01,bdfc0926-a6cb-4567-8798-fd003dd5fadf,1.65529E+12,1.65529E+12,1.65529E+12,1.65529E+12
David Spencer,David.Spencer@test.com,8015551212,1595-01-01,4ad3c0da-38a9-48f9-9d99-766a717a774c,1.65529E+12,1.65529E+12,1.65529E+12,
John Olson,John.Olson@test.com,8015551212,1594-01-01,5dd97793-c30e-4b8c-b73f-e4132914495f,1.65529E+12,1.65529E+12,1.65529E+12,
Dan Huey,Dan.Huey@test.com,8015551212,1593-01-01,51fe4a0b-84bf-4fd8-ac10-638481219601,1.65529E+12,1.65529E+12,1.65529E+12,
Ashley Abram,Ashley.Abram@test.com,8015551212,1592-01-01,94867fb9-570d-4031-b319-8a9d3b8c1c20,1.65529E+12,1.65529E+12,1.65529E+12,
John Anandh,John.Anandh@test.com,8015551212,1590-01-01,5fe9200a-fd9b-4c09-9037-9ed5d14d6f6a,1.65529E+12,1.65529E+12,1.65529E+12,
Liz Spencer,Liz.Spencer@test.com,8015551212,1588-01-01,9c0b4b10-9fb4-4a5c-9f69-7a6c796f1256,1.65529E+12,1.65529E+12,1.65529E+12,1.65529E+12
Christina Anandh,Christina.Anandh@test.com,8015551212,1586-01-01,938516ed-1680-49f5-993a-6187bf0a1eab,1.65529E+12,1.65529E+12,1.65529E+12,1.65529E+12
Angie Jackson,Angie.Jackson@test.com,8015551212,1578-01-01,4215444e-7472-4c4c-af8a-0cbd79f56477,1.65529E+12,1.65529E+12,1.65529E+12,
Jane Hansen,Jane.Hansen@test.com,8015551212,1577-01-01,5dd97793-c30e-4b8c-b73f-e4132914495f,1.65529E+12,1.65529E+12,1.65529E+12,
Travis Jones,Travis.Jones@test.com,8015551212,1575-01-01,51439e39-27f8-4c04-95e3-dea5a6c4f7c1,1.65529E+12,1.65529E+12,1.65529E+12,1.65529E+12
Ashley Smith,Ashley.Smith@test.com,8015551212,1571-01-01,773b5821-b992-4307-b738-d511b9e0a406,1.65529E+12,1.65529E+12,1.65529E+12,1.65529E+12
Lyn Aristotle,Lyn.Aristotle@test.com,8015551212,1570-01-01,fc868710-172e-408b-895d-ba0a5406e4da,1.65529E+12,1.65529E+12,1.65529E+12,
Ben Khatib,Ben.Khatib@test.com,8015551212,1560-01-01,54b577cf-bb80-4019-9e1c-5f9c53c4745f,1.65529E+12,1.65529E+12,1.65529E+12,
Manoj Hansen,Manoj.Hansen@test.com,8015551212,1559-01-01,5dd97793-c30e-4b8c-b73f-e4132914495f,1.65529E+12,1.65529E+12,1.65529E+12,1.65529E+12
Sean Staples,Sean.Staples@test.com,8015551212,1556-01-01,5d9bf1f7-0492-4bac-842b-3ed958fa5ba1,1.65529E+12,1.65529E+12,1.65529E+12,
Travis Abram,Travis.Abram@test.com,8015551212,1553-01-01,a9c6b46b-01d8-4f86-a8ed-b1bde922932e,1.65529E+12,1.65529E+12,1.65529E+12,
Bobby Aristotle,Bobby.Aristotle@test.com,8015551212,1552-01-01,f831cb34-4ef3-42cf-9ee7-a0240b515f33,1.65529E+12,1.65529E+12,1.65529E+12,
Dan Anderson,Dan.Anderson@test.com,8015551212,1550-01-01,773b5821-b992-4307-b738-d511b9e0a406,1.65529E+12,1.65529E+12,1.65529E+12,
Jerry Ahmed,Jerry.Ahmed@test.com,8015551212,1549-01-01,4ad3c0da-38a9-48f9-9d99-766a717a774c,1.65529E+12,1.65529E+12,1.65529E+12,
Sean Jackson,Sean.Jackson@test.com,8015551212,1548-01-01,5fe9200a-fd9b-4c09-9037-9ed5d14d6f6a,1.65529E+12,1.65529E+12,1.65529E+12,
Ashley Wu,Ashley.Wu@test.com,8015551212,1546-01-01,54b577cf-bb80-4019-9e1c-5f9c53c4745f,1.65529E+12,1.65529E+12,1.65529E+12,1.65529E+12
Suresh Clayton,Suresh.Clayton@test.com,8015551212,1545-01-01,4ad3c0da-38a9-48f9-9d99-766a717a774c,1.65529E+12,1.65529E+12,1.65529E+12,1.65529E+12
Trevor Mitra,Trevor.Mitra@test.com,8015551212,1544-01-01,5fe9200a-fd9b-4c09-9037-9ed5d14d6f6a,1.65529E+12,1.65529E+12,1.65529E+12,
Spencer Anderson,Spencer.Anderson@test.com,8015551212,1542-01-01,5fe9200a-fd9b-4c09-9037-9ed5d14d6f6a,1.65529E+12,1.65529E+12,1.65529E+12,1.65529E+12
Liz Habschied,Liz.Habschied@test.com,8015551212,1540-01-01,54b577cf-bb80-4019-9e1c-5f9c53c4745f,1.65529E+12,1.65529E+12,1.65529E+12,
Eric Harris,Eric.Harris@test.com,8015551212,1538-01-01,4215444e-7472-4c4c-af8a-0cbd79f56477,1.65529E+12,1.65529E+12,1.65529E+12,1.65529E+12
Frank Hansen,Frank.Hansen@test.com,8015551212,1534-01-01,bdfc0926-a6cb-4567-8798-fd003dd5fadf,1.65529E+12,1.65529E+12,1.65529E+12,
Danny Mitra,Danny.Mitra@test.com,8015551212,1533-01-01,b2892f78-f4bb-49ec-87fc-09d0f443596e,1.65529E+12,1.65529E+12,1.65529E+12,1.65529E+12
Suresh Wu,Suresh.Wu@test.com,8015551212,1532-01-01,b8a9332d-39f7-4994-a299-d60a747d288b,1.65529E+12,1.65529E+12,1.65529E+12,
Neeraj Khatib,Neeraj.Khatib@test.com,8015551212,1527-01-01,bbff8516-ac15-4c1e-8215-df921995e043,1.65529E+12,1.65529E+12,1.65529E+12,1.65529E+12
Ben Doshi,Ben.Doshi@test.com,8015551212,1525-01-01,2bc01cbe-2ea2-4603-b91a-5989b915d392,1.65529E+12,1.65529E+12,1.65529E+12,
Spencer Jefferson,Spencer.Jefferson@test.com,8015551212,1523-01-01,5fe9200a-fd9b-4c09-9037-9ed5d14d6f6a,1.65529E+12,1.65529E+12,1.65529E+12,1.65529E+12
Chris Fibonnaci,Chris.Fibonnaci@test.com,8015551212,1522-01-01,74db2795-a19f-48c6-bc20-a8660525dad3,1.65529E+12,1.65529E+12,1.65529E+12,
Ben Huey,Ben.Huey@test.com,8015551212,1521-01-01,ece6edf8-a14c-4489-a41c-98fe1b72b059,1.65529E+12,1.65529E+12,1.65529E+12,
Trevor Spencer,Trevor.Spencer@test.com,8015551212,1519-01-01,b8a9332d-39f7-4994-a299-d60a747d288b,1.65529E+12,1.65529E+12,1.65529E+12,
Lyn Wu,Lyn.Wu@test.com,8015551212,1518-01-01,bbff8516-ac15-4c1e-8215-df921995e043,1.65529E+12,1.65529E+12,1.65529E+12,1.65529E+12
Christina Habschied,Christina.Habschied@test.com,8015551212,1513-01-01,f3161efa-b3ab-49db-8561-f23e1ffc791f,1.65529E+12,1.65529E+12,1.65529E+12,1.65529E+12
Christina Howard,Christina.Howard@test.com,8015551212,1506-01-01,159a908a-371e-40c1-ba92-dcdea483a6a2,1.65529E+12,1.65529E+12,1.65529E+12,
Angie Fibonnaci,Angie.Fibonnaci@test.com,8015551212,1505-01-01,11b7090f-e244-448b-9807-f74f2762bb6d,1.65529E+12,1.65529E+12,1.65529E+12,
Suresh Abram,Suresh.Abram@test.com,8015551212,1503-01-01,159a908a-371e-40c1-ba92-dcdea483a6a2,1.65529E+12,1.65529E+12,1.65529E+12,1.65529E+12
Edward Wu,Edward.Wu@test.com,8015551212,1500-01-01,159a908a-371e-40c1-ba92-dcdea483a6a2,1.65529E+12,1.65529E+12,1.65529E+12,
Christina Jefferson,Christina.Jefferson@test.com,8015551212,1499-01-01,2e34a651-5e26-4280-b30b-9f2066496a89,1.65529E+12,1.65529E+12,1.65529E+12,1.65529E+12
Liz Jones,Liz.Jones@test.com,8015551212,1498-01-01,5dd97793-c30e-4b8c-b73f-e4132914495f,1.65529E+12,1.65529E+12,1.65529E+12,1.65529E+12
Danny Sanchez,Danny.Sanchez@test.com,8015551212,1497-01-01,159a908a-371e-40c1-ba92-dcdea483a6a2,1.65529E+12,1.65529E+12,1.65529E+12,1.65529E+12
Jane Ahmed,Jane.Ahmed@test.com,8015551212,1496-01-01,b2892f78-f4bb-49ec-87fc-09d0f443596e,1.65529E+12,1.65529E+12,1.65529E+12,1.65529E+12
Chris Huey,Chris.Huey@test.com,8015551212,1494-01-01,fc868710-172e-408b-895d-ba0a5406e4da,1.65529E+12,1.65529E+12,1.65529E+12,
Sarah Sanchez,Sarah.Sanchez@test.com,8015551212,1493-01-01,a9c6b46b-01d8-4f86-a8ed-b1bde922932e,1.65529E+12,1.65529E+12,1.65529E+12,1.65529E+12
Santosh Jones,Santosh.Jones@test.com,8015551212,1490-01-01,a9c6b46b-01d8-4f86-a8ed-b1bde922932e,1.65529E+12,1.65529E+12,1.65529E+12,1.65529E+12
Santosh Aristotle,Santosh.Aristotle@test.com,8015551212,1487-01-01,51fe4a0b-84bf-4fd8-ac10-638481219601,1.65529E+12,1.65529E+12,1.65529E+12,
Angie Huey,Angie.Huey@test.com,8015551212,1485-01-01,2e34a651-5e26-4280-b30b-9f2066496a89,1.65529E+12,1.65529E+12,1.65529E+12,
Dan Hansen,Dan.Hansen@test.com,8015551212,1483-01-01,bbff8516-ac15-4c1e-8215-df921995e043,1.65529E+12,1.65529E+12,1.65529E+12,1.65529E+12
Sarah Abram,Sarah.Abram@test.com,8015551212,1482-01-01,4215444e-7472-4c4c-af8a-0cbd79f56477,1.65529E+12,1.65529E+12,1.65529E+12,
Senthil Howard,Senthil.Howard@test.com,8015551212,1479-01-01,4215444e-7472-4c4c-af8a-0cbd79f56477,1.65529E+12,1.65529E+12,1.65529E+12,
Eric Doshi,Eric.Doshi@test.com,8015551212,1478-01-01,a9c6b46b-01d8-4f86-a8ed-b1bde922932e,1.65529E+12,1.65529E+12,1.65529E+12,
Trevor Khatib,Trevor.Khatib@test.com,8015551212,1477-01-01,4215444e-7472-4c4c-af8a-0cbd79f56477,1.65529E+12,1.65529E+12,1.65529E+12,
Jane Aristotle,Jane.Aristotle@test.com,8015551212,1475-01-01,5d9bf1f7-0492-4bac-842b-3ed958fa5ba1,1.65529E+12,1.65529E+12,1.65529E+12,1.65529E+12
Gail Olson,Gail.Olson@test.com,8015551212,1474-01-01,fc868710-172e-408b-895d-ba0a5406e4da,1.65529E+12,1.65529E+12,1.65529E+12,
Senthil Jones,Senthil.Jones@test.com,8015551212,1473-01-01,773b5821-b992-4307-b738-d511b9e0a406,1.65529E+12,1.65529E+12,1.65529E+12,1.65529E+12
Manoj Lincoln,Manoj.Lincoln@test.com,8015551212,1469-01-01,773b5821-b992-4307-b738-d511b9e0a406,1.65529E+12,1.65529E+12,1.65529E+12,1.65529E+12
Eric Anderson,Eric.Anderson@test.com,8015551212,1466-01-01,a9c6b46b-01d8-4f86-a8ed-b1bde922932e,1.65529E+12,1.65529E+12,1.65529E+12,
Edward Hansen,Edward.Hansen@test.com,8015551212,1464-01-01,bbff8516-ac15-4c1e-8215-df921995e043,1.65529E+12,1.65529E+12,1.65529E+12,
Frank Gonzalez,Frank.Gonzalez@test.com,8015551212,1463-01-01,bdfc0926-a6cb-4567-8798-fd003dd5fadf,1.65529E+12,1.65529E+12,1.65529E+12,1.65529E+12
Craig Lincoln,Craig.Lincoln@test.com,8015551212,1462-01-01,a9c6b46b-01d8-4f86-a8ed-b1bde922932e,1.65529E+12,1.65529E+12,1.65529E+12,
Edward Doshi,Edward.Doshi@test.com,8015551212,1461-01-01,2bc01cbe-2ea2-4603-b91a-5989b915d392,1.65529E+12,1.65529E+12,1.65529E+12,
Frank Aristotle,Frank.Aristotle@test.com,8015551212,1460-01-01,9c0b4b10-9fb4-4a5c-9f69-7a6c796f1256,1.65529E+12,1.65529E+12,1.65529E+12,1.65529E+12
Senthil Howard,Senthil.Howard@test.com,8015551212,1459-01-01,f3161efa-b3ab-49db-8561-f23e1ffc791f,1.65529E+12,1.65529E+12,1.65529E+12,
Jacob Khatib,Jacob.Khatib@test.com,8015551212,1458-01-01,773b5821-b992-4307-b738-d511b9e0a406,1.65529E+12,1.65529E+12,1.65529E+12,1.65529E+12
Suresh Abram,Suresh.Abram@test.com,8015551212,1456-01-01,2e34a651-5e26-4280-b30b-9f2066496a89,1.65529E+12,1.65529E+12,1.65529E+12,
Bobby Phillips,Bobby.Phillips@test.com,8015551212,1455-01-01,5d9bf1f7-0492-4bac-842b-3ed958fa5ba1,1.65529E+12,1.65529E+12,1.65529E+12,1.65529E+12
Craig Staples,Craig.Staples@test.com,8015551212,1454-01-01,bdfc0926-a6cb-4567-8798-fd003dd5fadf,1.65529E+12,1.65529E+12,1.65529E+12,1.65529E+12
Jason Howard,Jason.Howard@test.com,8015551212,1453-01-01,41e55307-c7c3-4a9a-a607-61a8c1038456,1.65529E+12,1.65529E+12,1.65529E+12,1.65529E+12
Gail Ahmed,Gail.Ahmed@test.com,8015551212,1450-01-01,54b577cf-bb80-4019-9e1c-5f9c53c4745f,1.65529E+12,1.65529E+12,1.65529E+12,1.65529E+12
Edward Staples,Edward.Staples@test.com,8015551212,1448-01-01,2e34a651-5e26-4280-b30b-9f2066496a89,1.65529E+12,1.65529E+12,1.65529E+12,
Dan Mitra,Dan.Mitra@test.com,8015551212,1443-01-01,5dd97793-c30e-4b8c-b73f-e4132914495f,1.65529E+12,1.65529E+12,1.65529E+12,
Spencer Staples,Spencer.Staples@test.com,8015551212,1442-01-01,11b7090f-e244-448b-9807-f74f2762bb6d,1.65529E+12,1.65529E+12,1.65529E+12,1.65529E+12
Christina Jackson,Christina.Jackson@test.com,8015551212,1440-01-01,94867fb9-570d-4031-b319-8a9d3b8c1c20,1.65529E+12,1.65529E+12,1.65529E+12,
Jane Phillips,Jane.Phillips@test.com,8015551212,1439-01-01,ece6edf8-a14c-4489-a41c-98fe1b72b059,1.65529E+12,1.65529E+12,1.65529E+12,
Frank Clayton,Frank.Clayton@test.com,8015551212,1437-01-01,f831cb34-4ef3-42cf-9ee7-a0240b515f33,1.65529E+12,1.65529E+12,1.65529E+12,1.65529E+12
Jane Fibonnaci,Jane.Fibonnaci@test.com,8015551212,1436-01-01,f831cb34-4ef3-42cf-9ee7-a0240b515f33,1.65529E+12,1.65529E+12,1.65529E+12,1.65529E+12
Ben Fibonnaci,Ben.Fibonnaci@test.com,8015551212,1435-01-01,fc868710-172e-408b-895d-ba0a5406e4da,1.65529E+12,1.65529E+12,1.65529E+12,1.65529E+12
Edward Ahmed,Edward.Ahmed@test.com,8015551212,1434-01-01,159a908a-371e-40c1-ba92-dcdea483a6a2,1.65529E+12,1.65529E+12,1.65529E+12,1.65529E+12
Jason Gonzalez,Jason.Gonzalez@test.com,8015551212,1432-01-01,5dd97793-c30e-4b8c-b73f-e4132914495f,1.65529E+12,1.65529E+12,1.65529E+12,
Jaya Doshi,Jaya.Doshi@test.com,8015551212,1431-01-01,4ad3c0da-38a9-48f9-9d99-766a717a774c,1.65529E+12,1.65529E+12,1.65529E+12,1.65529E+12
Senthil Ahmed,Senthil.Ahmed@test.com,8015551212,1427-01-01,b8a9332d-39f7-4994-a299-d60a747d288b,1.65529E+12,1.65529E+12,1.65529E+12,1.65529E+12
Sean Spencer,Sean.Spencer@test.com,8015551212,1426-01-01,4ad3c0da-38a9-48f9-9d99-766a717a774c,1.65529E+12,1.65529E+12,1.65529E+12,1.65529E+12
Spencer Lincoln,Spencer.Lincoln@test.com,8015551212,1422-01-01,74db2795-a19f-48c6-bc20-a8660525dad3,1.65529E+12,1.65529E+12,1.65529E+12,1.65529E+12
Christina Aristotle,Christina.Aristotle@test.com,8015551212,1421-01-01,54b577cf-bb80-4019-9e1c-5f9c53c4745f,1.65529E+12,1.65529E+12,1.65529E+12,1.65529E+12
Jason Jackson,Jason.Jackson@test.com,8015551212,1418-01-01,5d9bf1f7-0492-4bac-842b-3ed958fa5ba1,1.65529E+12,1.65529E+12,1.65529E+12,1.65529E+12
Jerry Doshi,Jerry.Doshi@test.com,8015551212,1416-01-01,f831cb34-4ef3-42cf-9ee7-a0240b515f33,1.65529E+12,1.65529E+12,1.65529E+12,1.65529E+12
Jaya Jones,Jaya.Jones@test.com,8015551212,1414-01-01,f3161efa-b3ab-49db-8561-f23e1ffc791f,1.65529E+12,1.65529E+12,1.65529E+12,
Larry Lincoln,Larry.Lincoln@test.com,8015551212,1412-01-01,54b577cf-bb80-4019-9e1c-5f9c53c4745f,1.65529E+12,1.65529E+12,1.65529E+12,
Eric Habschied,Eric.Habschied@test.com,8015551212,1411-01-01,9c0b4b10-9fb4-4a5c-9f69-7a6c796f1256,1.65529E+12,1.65529E+12,1.65529E+12,
Neeraj Clayton,Neeraj.Clayton@test.com,8015551212,1410-01-01,94867fb9-570d-4031-b319-8a9d3b8c1c20,1.65529E+12,1.65529E+12,1.65529E+12,
Sarah Aristotle,Sarah.Aristotle@test.com,8015551212,1409-01-01,159a908a-371e-40c1-ba92-dcdea483a6a2,1.65529E+12,1.65529E+12,1.65529E+12,1.65529E+12
Jason Harris,Jason.Harris@test.com,8015551212,1406-01-01,bdfc0926-a6cb-4567-8798-fd003dd5fadf,1.65529E+12,1.65529E+12,1.65529E+12,
Liz Habschied,Liz.Habschied@test.com,8015551212,1405-01-01,5dd97793-c30e-4b8c-b73f-e4132914495f,1.65529E+12,1.65529E+12,1.65529E+12,1.65529E+12
Neeraj Staples,Neeraj.Staples@test.com,8015551212,1404-01-01,11b7090f-e244-448b-9807-f74f2762bb6d,1.65529E+12,1.65529E+12,1.65529E+12,
Lyn Jackson,Lyn.Jackson@test.com,8015551212,1402-01-01,2e34a651-5e26-4280-b30b-9f2066496a89,1.65529E+12,1.65529E+12,1.65529E+12,1.65529E+12
Senthil Mitra,Senthil.Mitra@test.com,8015551212,1398-01-01,5fe9200a-fd9b-4c09-9037-9ed5d14d6f6a,1.65529E+12,1.65529E+12,1.65529E+12,1.65529E+12
Jaya Clark,Jaya.Clark@test.com,8015551212,1397-01-01,5fe9200a-fd9b-4c09-9037-9ed5d14d6f6a,1.65529E+12,1.65529E+12,1.65529E+12,1.65529E+12
Senthil Doshi,Senthil.Doshi@test.com,8015551212,1395-01-01,f3161efa-b3ab-49db-8561-f23e1ffc791f,1.65529E+12,1.65529E+12,1.65529E+12,1.65529E+12
Suresh Doshi,Suresh.Doshi@test.com,8015551212,1394-01-01,bdfc0926-a6cb-4567-8798-fd003dd5fadf,1.65529E+12,1.65529E+12,1.65529E+12,1.65529E+12
Ashley Aristotle,Ashley.Aristotle@test.com,8015551212,1392-01-01,159a908a-371e-40c1-ba92-dcdea483a6a2,1.65529E+12,1.65529E+12,1.65529E+12,
Santosh Staples,Santosh.Staples@test.com,8015551212,1390-01-01,bbff8516-ac15-4c1e-8215-df921995e043,1.65529E+12,1.65529E+12,1.65529E+12,1.65529E+12
Ashley Khatib,Ashley.Khatib@test.com,8015551212,1389-01-01,f3161efa-b3ab-49db-8561-f23e1ffc791f,1.65529E+12,1.65529E+12,1.65529E+12,1.65529E+12
Travis Olson,Travis.Olson@test.com,8015551212,1388-01-01,f3161efa-b3ab-49db-8561-f23e1ffc791f,1.65529E+12,1.65529E+12,1.65529E+12,1.65529E+12
Ashley Jackson,Ashley.Jackson@test.com,8015551212,1387-01-01,74db2795-a19f-48c6-bc20-a8660525dad3,1.65529E+12,1.65529E+12,1.65529E+12,
Santosh Clark,Santosh.Clark@test.com,8015551212,1384-01-01,5dd97793-c30e-4b8c-b73f-e4132914495f,1.65529E+12,1.65529E+12,1.65529E+12,1.65529E+12
Sean Wu,Sean.Wu@test.com,8015551212,1382-01-01,11b7090f-e244-448b-9807-f74f2762bb6d,1.65529E+12,1.65529E+12,1.65529E+12,1.65529E+12
Eric Mitra,Eric.Mitra@test.com,8015551212,1380-01-01,a9c6b46b-01d8-4f86-a8ed-b1bde922932e,1.65529E+12,1.65529E+12,1.65529E+12,
Angie Davis,Angie.Davis@test.com,8015551212,1379-01-01,5dd97793-c30e-4b8c-b73f-e4132914495f,1.65529E+12,1.65529E+12,1.65529E+12,1.65529E+12
Sarah Khatib,Sarah.Khatib@test.com,8015551212,1378-01-01,b2892f78-f4bb-49ec-87fc-09d0f443596e,1.65529E+12,1.65529E+12,1.65529E+12,
Lyn Smith,Lyn.Smith@test.com,8015551212,1376-01-01,17486ebd-4c5d-4e84-b592-d1765bacf628,1.65529E+12,1.65529E+12,1.65529E+12,
Edward Hansen,Edward.Hansen@test.com,8015551212,1373-01-01,54b577cf-bb80-4019-9e1c-5f9c53c4745f,1.65529E+12,1.65529E+12,1.65529E+12,
Christina Howard,Christina.Howard@test.com,8015551212,1371-01-01,4215444e-7472-4c4c-af8a-0cbd79f56477,1.65529E+12,1.65529E+12,1.65529E+12,1.65529E+12
Gail Davis,Gail.Davis@test.com,8015551212,1370-01-01,bdfc0926-a6cb-4567-8798-fd003dd5fadf,1.65529E+12,1.65529E+12,1.65529E+12,
Eric Hansen,Eric.Hansen@test.com,8015551212,1369-01-01,5dd97793-c30e-4b8c-b73f-e4132914495f,1.65529E+12,1.65529E+12,1.65529E+12,
Angie Sanchez,Angie.Sanchez@test.com,8015551212,1367-01-01,9c0b4b10-9fb4-4a5c-9f69-7a6c796f1256,1.65529E+12,1.65529E+12,1.65529E+12,1.65529E+12
Craig Jefferson,Craig.Jefferson@test.com,8015551212,1361-01-01,938516ed-1680-49f5-993a-6187bf0a1eab,1.65529E+12,1.65529E+12,1.65529E+12,1.65529E+12
Sarah Ahmed,Sarah.Ahmed@test.com,8015551212,1357-01-01,17486ebd-4c5d-4e84-b592-d1765bacf628,1.65529E+12,1.65529E+12,1.65529E+12,1.65529E+12
Jacob Wu,Jacob.Wu@test.com,8015551212,1356-01-01,2e34a651-5e26-4280-b30b-9f2066496a89,1.65529E+12,1.65529E+12,1.65529E+12,1.65529E+12
Sean Habschied,Sean.Habschied@test.com,8015551212,1352-01-01,fc868710-172e-408b-895d-ba0a5406e4da,1.65529E+12,1.65529E+12,1.65529E+12,
Christina Jackson,Christina.Jackson@test.com,8015551212,1349-01-01,4215444e-7472-4c4c-af8a-0cbd79f56477,1.65529E+12,1.65529E+12,1.65529E+12,
David Staples,David.Staples@test.com,8015551212,1348-01-01,41e55307-c7c3-4a9a-a607-61a8c1038456,1.65529E+12,1.65529E+12,1.65529E+12,1.65529E+12
John Mitra,John.Mitra@test.com,8015551212,1346-01-01,9c0b4b10-9fb4-4a5c-9f69-7a6c796f1256,1.65529E+12,1.65529E+12,1.65529E+12,
Liz Gonzalez,Liz.Gonzalez@test.com,8015551212,1345-01-01,b8a9332d-39f7-4994-a299-d60a747d288b,1.65529E+12,1.65529E+12,1.65529E+12,1.65529E+12
Sarah Phillips,Sarah.Phillips@test.com,8015551212,1344-01-01,2bc01cbe-2ea2-4603-b91a-5989b915d392,1.65529E+12,1.65529E+12,1.65529E+12,1.65529E+12
Gail Khatib,Gail.Khatib@test.com,8015551212,1343-01-01,773b5821-b992-4307-b738-d511b9e0a406,1.65529E+12,1.65529E+12,1.65529E+12,1.65529E+12
Jaya Fibonnaci,Jaya.Fibonnaci@test.com,8015551212,1339-01-01,f831cb34-4ef3-42cf-9ee7-a0240b515f33,1.65529E+12,1.65529E+12,1.65529E+12,1.65529E+12
Christina Howard,Christina.Howard@test.com,8015551212,1335-01-01,159a908a-371e-40c1-ba92-dcdea483a6a2,1.65529E+12,1.65529E+12,1.65529E+12,
Neeraj Ahmed,Neeraj.Ahmed@test.com,8015551212,1334-01-01,51fe4a0b-84bf-4fd8-ac10-638481219601,1.65529E+12,1.65529E+12,1.65529E+12,
Suresh Jones,Suresh.Jones@test.com,8015551212,1332-01-01,3fe69104-657e-45a1-bd6e-fece3e42de85,1.65529E+12,1.65529E+12,1.65529E+12,1.65529E+12
Frank Smith,Frank.Smith@test.com,8015551212,1328-01-01,938516ed-1680-49f5-993a-6187bf0a1eab,1.65529E+12,1.65529E+12,1.65529E+12,1.65529E+12
Jacob Aristotle,Jacob.Aristotle@test.com,8015551212,1327-01-01,b2892f78-f4bb-49ec-87fc-09d0f443596e,1.65529E+12,1.65529E+12,1.65529E+12,1.65529E+12
Gail Fibonnaci,Gail.Fibonnaci@test.com,8015551212,1326-01-01,bdfc0926-a6cb-4567-8798-fd003dd5fadf,1.65529E+12,1.65529E+12,1.65529E+12,1.65529E+12
Dan Jones,Dan.Jones@test.com,8015551212,1325-01-01,5d9bf1f7-0492-4bac-842b-3ed958fa5ba1,1.65529E+12,1.65529E+12,1.65529E+12,
Jerry Anderson,Jerry.Anderson@test.com,8015551212,1321-01-01,938516ed-1680-49f5-993a-6187bf0a1eab,1.65529E+12,1.65529E+12,1.65529E+12,
Jaya Gonzalez,Jaya.Gonzalez@test.com,8015551212,1318-01-01,ece6edf8-a14c-4489-a41c-98fe1b72b059,1.65529E+12,1.65529E+12,1.65529E+12,1.65529E+12
Dan Habschied,Dan.Habschied@test.com,8015551212,1311-01-01,2e34a651-5e26-4280-b30b-9f2066496a89,1.65529E+12,1.65529E+12,1.65529E+12,
Senthil Fibonnaci,Senthil.Fibonnaci@test.com,8015551212,1309-01-01,51439e39-27f8-4c04-95e3-dea5a6c4f7c1,1.65529E+12,1.65529E+12,1.65529E+12,1.65529E+12
Trevor Jones,Trevor.Jones@test.com,8015551212,1306-01-01,94867fb9-570d-4031-b319-8a9d3b8c1c20,1.65529E+12,1.65529E+12,1.65529E+12,1.65529E+12
Manoj Jefferson,Manoj.Jefferson@test.com,8015551212,1304-01-01,f831cb34-4ef3-42cf-9ee7-a0240b515f33,1.65529E+12,1.65529E+12,1.65529E+12,
Larry Mitra,Larry.Mitra@test.com,8015551212,1303-01-01,773b5821-b992-4307-b738-d511b9e0a406,1.65529E+12,1.65529E+12,1.65529E+12,1.65529E+12
Ashley Anderson,Ashley.Anderson@test.com,8015551212,1300-01-01,938516ed-1680-49f5-993a-6187bf0a1eab,1.65529E+12,1.65529E+12,1.65529E+12,
Senthil Clark,Senthil.Clark@test.com,8015551212,1298-01-01,51fe4a0b-84bf-4fd8-ac10-638481219601,1.65529E+12,1.65529E+12,1.65529E+12,
Neeraj Habschied,Neeraj.Habschied@test.com,8015551212,1295-01-01,b2892f78-f4bb-49ec-87fc-09d0f443596e,1.65529E+12,1.65529E+12,1.65529E+12,
Craig Mitra,Craig.Mitra@test.com,8015551212,1294-01-01,a9c6b46b-01d8-4f86-a8ed-b1bde922932e,1.65529E+12,1.65529E+12,1.65529E+12,
Travis Doshi,Travis.Doshi@test.com,8015551212,1293-01-01,3fe69104-657e-45a1-bd6e-fece3e42de85,1.65529E+12,1.65529E+12,1.65529E+12,1.65529E+12
Sarah Wu,Sarah.Wu@test.com,8015551212,1291-01-01,94867fb9-570d-4031-b319-8a9d3b8c1c20,1.65529E+12,1.65529E+12,1.65529E+12,
Larry Mitra,Larry.Mitra@test.com,8015551212,1289-01-01,ece6edf8-a14c-4489-a41c-98fe1b72b059,1.65529E+12,1.65529E+12,1.65529E+12,1.65529E+12
Manoj Abram,Manoj.Abram@test.com,8015551212,1286-01-01,fc868710-172e-408b-895d-ba0a5406e4da,1.65529E+12,1.65529E+12,1.65529E+12,1.65529E+12
Larry Howard,Larry.Howard@test.com,8015551212,1283-01-01,41e55307-c7c3-4a9a-a607-61a8c1038456,1.65529E+12,1.65529E+12,1.65529E+12,
Trevor Anandh,Trevor.Anandh@test.com,8015551212,1282-01-01,bdfc0926-a6cb-4567-8798-fd003dd5fadf,1.65529E+12,1.65529E+12,1.65529E+12,1.65529E+12
Christina Mitra,Christina.Mitra@test.com,8015551212,1281-01-01,bbff8516-ac15-4c1e-8215-df921995e043,1.65529E+12,1.65529E+12,1.65529E+12,
Lyn Jones,Lyn.Jones@test.com,8015551212,1276-01-01,17486ebd-4c5d-4e84-b592-d1765bacf628,1.65529E+12,1.65529E+12,1.65529E+12,1.65529E+12
Craig Aristotle,Craig.Aristotle@test.com,8015551212,1270-01-01,bbff8516-ac15-4c1e-8215-df921995e043,1.65529E+12,1.65529E+12,1.65529E+12,1.65529E+12
Sean Clark,Sean.Clark@test.com,8015551212,1269-01-01,f3161efa-b3ab-49db-8561-f23e1ffc791f,1.65529E+12,1.65529E+12,1.65529E+12,
Christina Lincoln,Christina.Lincoln@test.com,8015551212,1268-01-01,b8a9332d-39f7-4994-a299-d60a747d288b,1.65529E+12,1.65529E+12,1.65529E+12,1.65529E+12
Ben Clark,Ben.Clark@test.com,8015551212,1266-01-01,bbff8516-ac15-4c1e-8215-df921995e043,1.65529E+12,1.65529E+12,1.65529E+12,1.65529E+12
Neeraj Smith,Neeraj.Smith@test.com,8015551212,1265-01-01,5dd97793-c30e-4b8c-b73f-e4132914495f,1.65529E+12,1.65529E+12,1.65529E+12,
Trevor Smith,Trevor.Smith@test.com,8015551212,1264-01-01,5d9bf1f7-0492-4bac-842b-3ed958fa5ba1,1.65529E+12,1.65529E+12,1.65529E+12,1.65529E+12
John Abram,John.Abram@test.com,8015551212,1263-01-01,159a908a-371e-40c1-ba92-dcdea483a6a2,1.65529E+12,1.65529E+12,1.65529E+12,
Sarah Khatib,Sarah.Khatib@test.com,8015551212,1262-01-01,2e34a651-5e26-4280-b30b-9f2066496a89,1.65529E+12,1.65529E+12,1.65529E+12,
Chris Fibonnaci,Chris.Fibonnaci@test.com,8015551212,1256-01-01,51439e39-27f8-4c04-95e3-dea5a6c4f7c1,1.65529E+12,1.65529E+12,1.65529E+12,
Jason Hansen,Jason.Hansen@test.com,8015551212,1255-01-01,a6cd85aa-09fa-4e9c-b28d-38881f6efc3c,1.65529E+12,1.65529E+12,1.65529E+12,
Senthil Doshi,Senthil.Doshi@test.com,8015551212,1254-01-01,51439e39-27f8-4c04-95e3-dea5a6c4f7c1,1.65529E+12,1.65529E+12,1.65529E+12,1.65529E+12
Dan Clark,Dan.Clark@test.com,8015551212,1251-01-01,938516ed-1680-49f5-993a-6187bf0a1eab,1.65529E+12,1.65529E+12,1.65529E+12,
Lyn Davis,Lyn.Davis@test.com,8015551212,1250-01-01,a6cd85aa-09fa-4e9c-b28d-38881f6efc3c,1.65529E+12,1.65529E+12,1.65529E+12,1.65529E+12
Manoj Clark,Manoj.Clark@test.com,8015551212,1249-01-01,4215444e-7472-4c4c-af8a-0cbd79f56477,1.65529E+12,1.65529E+12,1.65529E+12,1.65529E+12
Eric Phillips,Eric.Phillips@test.com,8015551212,1247-01-01,5dd97793-c30e-4b8c-b73f-e4132914495f,1.65529E+12,1.65529E+12,1.65529E+12,1.65529E+12
Christina Habschied,Christina.Habschied@test.com,8015551212,1245-01-01,94867fb9-570d-4031-b319-8a9d3b8c1c20,1.65529E+12,1.65529E+12,1.65529E+12,
Chris Huey,Chris.Huey@test.com,8015551212,1243-01-01,11b7090f-e244-448b-9807-f74f2762bb6d,1.65529E+12,1.65529E+12,1.65529E+12,
Senthil Jones,Senthil.Jones@test.com,8015551212,1242-01-01,ece6edf8-a14c-4489-a41c-98fe1b72b059,1.65529E+12,1.65529E+12,1.65529E+12,
John Jackson,John.Jackson@test.com,8015551212,1238-01-01,51439e39-27f8-4c04-95e3-dea5a6c4f7c1,1.65529E+12,1.65529E+12,1.65529E+12,
David Anderson,David.Anderson@test.com,8015551212,1237-01-01,4215444e-7472-4c4c-af8a-0cbd79f56477,1.65529E+12,1.65529E+12,1.65529E+12,1.65529E+12
Frank Phillips,Frank.Phillips@test.com,8015551212,1236-01-01,9c0b4b10-9fb4-4a5c-9f69-7a6c796f1256,1.65529E+12,1.65529E+12,1.65529E+12,1.65529E+12
Christina Wu,Christina.Wu@test.com,8015551212,1235-01-01,a6cd85aa-09fa-4e9c-b28d-38881f6efc3c,1.65529E+12,1.65529E+12,1.65529E+12,
Liz Clayton,Liz.Clayton@test.com,8015551212,1234-01-01,3fe69104-657e-45a1-bd6e-fece3e42de85,1.65529E+12,1.65529E+12,1.65529E+12,1.65529E+12
Jerry Huey,Jerry.Huey@test.com,8015551212,1232-01-01,4215444e-7472-4c4c-af8a-0cbd79f56477,1.65529E+12,1.65529E+12,1.65529E+12,
Dan Clayton,Dan.Clayton@test.com,8015551212,1230-01-01,2bc01cbe-2ea2-4603-b91a-5989b915d392,1.65529E+12,1.65529E+12,1.65529E+12,
Christina Abram,Christina.Abram@test.com,8015551212,1229-01-01,fc868710-172e-408b-895d-ba0a5406e4da,1.65529E+12,1.65529E+12,1.65529E+12,
Jacob Abram,Jacob.Abram@test.com,8015551212,1227-01-01,773b5821-b992-4307-b738-d511b9e0a406,1.65529E+12,1.65529E+12,1.65529E+12,1.65529E+12
Chris Howard,Chris.Howard@test.com,8015551212,1226-01-01,bdfc0926-a6cb-4567-8798-fd003dd5fadf,1.65529E+12,1.65529E+12,1.65529E+12,
Sean Jones,Sean.Jones@test.com,8015551212,1223-01-01,a6cd85aa-09fa-4e9c-b28d-38881f6efc3c,1.65529E+12,1.65529E+12,1.65529E+12,1.65529E+12
Jacob Khatib,Jacob.Khatib@test.com,8015551212,1222-01-01,17486ebd-4c5d-4e84-b592-d1765bacf628,1.65529E+12,1.65529E+12,1.65529E+12,
Senthil Jackson,Senthil.Jackson@test.com,8015551212,1218-01-01,17486ebd-4c5d-4e84-b592-d1765bacf628,1.65529E+12,1.65529E+12,1.65529E+12,
Christina Habschied,Christina.Habschied@test.com,8015551212,1216-01-01,4215444e-7472-4c4c-af8a-0cbd79f56477,1.65529E+12,1.65529E+12,1.65529E+12,
Frank Aristotle,Frank.Aristotle@test.com,8015551212,1213-01-01,bbff8516-ac15-4c1e-8215-df921995e043,1.65529E+12,1.65529E+12,1.65529E+12,1.65529E+12
Ben Habschied,Ben.Habschied@test.com,8015551212,1210-01-01,4ad3c0da-38a9-48f9-9d99-766a717a774c,1.65529E+12,1.65529E+12,1.65529E+12,1.65529E+12
Gail Jones,Gail.Jones@test.com,8015551212,1206-01-01,94867fb9-570d-4031-b319-8a9d3b8c1c20,1.65529E+12,1.65529E+12,1.65529E+12,
Jane Davis,Jane.Davis@test.com,8015551212,1205-01-01,773b5821-b992-4307-b738-d511b9e0a406,1.65529E+12,1.65529E+12,1.65529E+12,1.65529E+12
Liz Anandh,Liz.Anandh@test.com,8015551212,1204-01-01,159a908a-371e-40c1-ba92-dcdea483a6a2,1.65529E+12,1.65529E+12,1.65529E+12,
Bobby Howard,Bobby.Howard@test.com,8015551212,1203-01-01,a6cd85aa-09fa-4e9c-b28d-38881f6efc3c,1.65529E+12,1.65529E+12,1.65529E+12,
Jerry Habschied,Jerry.Habschied@test.com,8015551212,1202-01-01,a6cd85aa-09fa-4e9c-b28d-38881f6efc3c,1.65529E+12,1.65529E+12,1.65529E+12,
Angie Ahmed,Angie.Ahmed@test.com,8015551212,1195-01-01,11b7090f-e244-448b-9807-f74f2762bb6d,1.65529E+12,1.65529E+12,1.65529E+12,
Christina Jones,Christina.Jones@test.com,8015551212,1192-01-01,938516ed-1680-49f5-993a-6187bf0a1eab,1.65529E+12,1.65529E+12,1.65529E+12,
Christina Aristotle,Christina.Aristotle@test.com,8015551212,1190-01-01,94867fb9-570d-4031-b319-8a9d3b8c1c20,1.65529E+12,1.65529E+12,1.65529E+12,
Trevor Sanchez,Trevor.Sanchez@test.com,8015551212,1189-01-01,159a908a-371e-40c1-ba92-dcdea483a6a2,1.65529E+12,1.65529E+12,1.65529E+12,1.65529E+12
Jason Harris,Jason.Harris@test.com,8015551212,1188-01-01,5d9bf1f7-0492-4bac-842b-3ed958fa5ba1,1.65529E+12,1.65529E+12,1.65529E+12,
Jane Harris,Jane.Harris@test.com,8015551212,1186-01-01,ece6edf8-a14c-4489-a41c-98fe1b72b059,1.65529E+12,1.65529E+12,1.65529E+12,1.65529E+12
Jerry Harris,Jerry.Harris@test.com,8015551212,1184-01-01,4215444e-7472-4c4c-af8a-0cbd79f56477,1.65529E+12,1.65529E+12,1.65529E+12,1.65529E+12
Liz Smith,Liz.Smith@test.com,8015551212,1180-01-01,4ad3c0da-38a9-48f9-9d99-766a717a774c,1.65529E+12,1.65529E+12,1.65529E+12,1.65529E+12
Spencer Anderson,Spencer.Anderson@test.com,8015551212,1179-01-01,773b5821-b992-4307-b738-d511b9e0a406,1.65529E+12,1.65529E+12,1.65529E+12,1.65529E+12
Liz Ahmed,Liz.Ahmed@test.com,8015551212,1178-01-01,11b7090f-e244-448b-9807-f74f2762bb6d,1.65529E+12,1.65529E+12,1.65529E+12,1.65529E+12
Trevor Aristotle,Trevor.Aristotle@test.com,8015551212,1177-01-01,159a908a-371e-40c1-ba92-dcdea483a6a2,1.65529E+12,1.65529E+12,1.65529E+12,
Travis Huey,Travis.Huey@test.com,8015551212,1176-01-01,54b577cf-bb80-4019-9e1c-5f9c53c4745f,1.65529E+12,1.65529E+12,1.65529E+12,1.65529E+12
Christina Habschied,Christina.Habschied@test.com,8015551212,1175-01-01,17486ebd-4c5d-4e84-b592-d1765bacf628,1.65529E+12,1.65529E+12,1.65529E+12,
Craig Gonzalez,Craig.Gonzalez@test.com,8015551212,1173-01-01,17486ebd-4c5d-4e84-b592-d1765bacf628,1.65529E+12,1.65529E+12,1.65529E+12,1.65529E+12
Eric Fibonnaci,Eric.Fibonnaci@test.com,8015551212,1171-01-01,41e55307-c7c3-4a9a-a607-61a8c1038456,1.65529E+12,1.65529E+12,1.65529E+12,
Craig Wu,Craig.Wu@test.com,8015551212,1167-01-01,94867fb9-570d-4031-b319-8a9d3b8c1c20,1.65529E+12,1.65529E+12,1.65529E+12,1.65529E+12
Santosh Anandh,Santosh.Anandh@test.com,8015551212,1166-01-01,b8a9332d-39f7-4994-a299-d60a747d288b,1.65529E+12,1.65529E+12,1.65529E+12,1.65529E+12
Ashley Anandh,Ashley.Anandh@test.com,8015551212,1163-01-01,fc868710-172e-408b-895d-ba0a5406e4da,1.65529E+12,1.65529E+12,1.65529E+12,1.65529E+12
Santosh Jones,Santosh.Jones@test.com,8015551212,1162-01-01,41e55307-c7c3-4a9a-a607-61a8c1038456,1.65529E+12,1.65529E+12,1.65529E+12,
Sean Lincoln,Sean.Lincoln@test.com,8015551212,1160-01-01,bbff8516-ac15-4c1e-8215-df921995e043,1.65529E+12,1.65529E+12,1.65529E+12,1.65529E+12
Senthil Jones,Senthil.Jones@test.com,8015551212,1159-01-01,a9c6b46b-01d8-4f86-a8ed-b1bde922932e,1.65529E+12,1.65529E+12,1.65529E+12,1.65529E+12
Jane Smith,Jane.Smith@test.com,8015551212,1154-01-01,f3161efa-b3ab-49db-8561-f23e1ffc791f,1.65529E+12,1.65529E+12,1.65529E+12,
Eric Clark,Eric.Clark@test.com,8015551212,1150-01-01,159a908a-371e-40c1-ba92-dcdea483a6a2,1.65529E+12,1.65529E+12,1.65529E+12,
Jerry Jones,Jerry.Jones@test.com,8015551212,1146-01-01,51fe4a0b-84bf-4fd8-ac10-638481219601,1.65529E+12,1.65529E+12,1.65529E+12,
Liz Staples,Liz.Staples@test.com,8015551212,1145-01-01,94867fb9-570d-4031-b319-8a9d3b8c1c20,1.65529E+12,1.65529E+12,1.65529E+12,1.65529E+12
Jaya Aristotle,Jaya.Aristotle@test.com,8015551212,1142-01-01,51fe4a0b-84bf-4fd8-ac10-638481219601,1.65529E+12,1.65529E+12,1.65529E+12,
Chris Mitra,Chris.Mitra@test.com,8015551212,1141-01-01,74db2795-a19f-48c6-bc20-a8660525dad3,1.65529E+12,1.65529E+12,1.65529E+12,
Travis Fibonnaci,Travis.Fibonnaci@test.com,8015551212,1140-01-01,fc868710-172e-408b-895d-ba0a5406e4da,1.65529E+12,1.65529E+12,1.65529E+12,1.65529E+12
Trevor Ahmed,Trevor.Ahmed@test.com,8015551212,1139-01-01,f3161efa-b3ab-49db-8561-f23e1ffc791f,1.65529E+12,1.65529E+12,1.65529E+12,1.65529E+12
Spencer Wu,Spencer.Wu@test.com,8015551212,1137-01-01,51439e39-27f8-4c04-95e3-dea5a6c4f7c1,1.65529E+12,1.65529E+12,1.65529E+12,
Eric Wu,Eric.Wu@test.com,8015551212,1134-01-01,41e55307-c7c3-4a9a-a607-61a8c1038456,1.65529E+12,1.65529E+12,1.65529E+12,1.65529E+12
Danny Harris,Danny.Harris@test.com,8015551212,1133-01-01,938516ed-1680-49f5-993a-6187bf0a1eab,1.65529E+12,1.65529E+12,1.65529E+12,
Liz Gonzalez,Liz.Gonzalez@test.com,8015551212,1132-01-01,51fe4a0b-84bf-4fd8-ac10-638481219601,1.65529E+12,1.65529E+12,1.65529E+12,1.65529E+12
John Phillips,John.Phillips@test.com,8015551212,1128-01-01,3fe69104-657e-45a1-bd6e-fece3e42de85,1.65529E+12,1.65529E+12,1.65529E+12,1.65529E+12
Chris Jefferson,Chris.Jefferson@test.com,8015551212,1126-01-01,f831cb34-4ef3-42cf-9ee7-a0240b515f33,1.65529E+12,1.65529E+12,1.65529E+12,
Suresh Habschied,Suresh.Habschied@test.com,8015551212,1125-01-01,bdfc0926-a6cb-4567-8798-fd003dd5fadf,1.65529E+12,1.65529E+12,1.65529E+12,1.65529E+12
Edward Jefferson,Edward.Jefferson@test.com,8015551212,1124-01-01,54b577cf-bb80-4019-9e1c-5f9c53c4745f,1.65529E+12,1.65529E+12,1.65529E+12,
Sean Khatib,Sean.Khatib@test.com,8015551212,1121-01-01,5fe9200a-fd9b-4c09-9037-9ed5d14d6f6a,1.65529E+12,1.65529E+12,1.65529E+12,
Angie Hansen,Angie.Hansen@test.com,8015551212,1118-01-01,3fe69104-657e-45a1-bd6e-fece3e42de85,1.65529E+12,1.65529E+12,1.65529E+12,1.65529E+12
Suresh Smith,Suresh.Smith@test.com,8015551212,1115-01-01,17486ebd-4c5d-4e84-b592-d1765bacf628,1.65529E+12,1.65529E+12,1.65529E+12,
Spencer Fibonnaci,Spencer.Fibonnaci@test.com,8015551212,1114-01-01,ece6edf8-a14c-4489-a41c-98fe1b72b059,1.65529E+12,1.65529E+12,1.65529E+12,1.65529E+12
Frank Doshi,Frank.Doshi@test.com,8015551212,1110-01-01,b2892f78-f4bb-49ec-87fc-09d0f443596e,1.65529E+12,1.65529E+12,1.65529E+12,1.65529E+12
Craig Anderson,Craig.Anderson@test.com,8015551212,1107-01-01,ece6edf8-a14c-4489-a41c-98fe1b72b059,1.65529E+12,1.65529E+12,1.65529E+12,1.65529E+12
Jason Huey,Jason.Huey@test.com,8015551212,1104-01-01,3fe69104-657e-45a1-bd6e-fece3e42de85,1.65529E+12,1.65529E+12,1.65529E+12,1.65529E+12
Jason Gonzalez,Jason.Gonzalez@test.com,8015551212,1102-01-01,2e34a651-5e26-4280-b30b-9f2066496a89,1.65529E+12,1.65529E+12,1.65529E+12,1.65529E+12
Jason Smith,Jason.Smith@test.com,8015551212,1101-01-01,a9c6b46b-01d8-4f86-a8ed-b1bde922932e,1.65529E+12,1.65529E+12,1.65529E+12,
Jerry Huey,Jerry.Huey@test.com,8015551212,1099-01-01,51fe4a0b-84bf-4fd8-ac10-638481219601,1.65529E+12,1.65529E+12,1.65529E+12,1.65529E+12
Neeraj Anderson,Neeraj.Anderson@test.com,8015551212,1096-01-01,b8a9332d-39f7-4994-a299-d60a747d288b,1.65529E+12,1.65529E+12,1.65529E+12,
Bobby Clayton,Bobby.Clayton@test.com,8015551212,1093-01-01,2e34a651-5e26-4280-b30b-9f2066496a89,1.65529E+12,1.65529E+12,1.65529E+12,
Jason Harris,Jason.Harris@test.com,8015551212,1092-01-01,5dd97793-c30e-4b8c-b73f-e4132914495f,1.65529E+12,1.65529E+12,1.65529E+12,1.65529E+12
Sarah Wu,Sarah.Wu@test.com,8015551212,1085-01-01,94867fb9-570d-4031-b319-8a9d3b8c1c20,1.65529E+12,1.65529E+12,1.65529E+12,
Danny Habschied,Danny.Habschied@test.com,8015551212,1081-01-01,773b5821-b992-4307-b738-d511b9e0a406,1.65529E+12,1.65529E+12,1.65529E+12,
Christina Jackson,Christina.Jackson@test.com,8015551212,1080-01-01,159a908a-371e-40c1-ba92-dcdea483a6a2,1.65529E+12,1.65529E+12,1.65529E+12,
Christina Khatib,Christina.Khatib@test.com,8015551212,1077-01-01,ece6edf8-a14c-4489-a41c-98fe1b72b059,1.65529E+12,1.65529E+12,1.65529E+12,1.65529E+12
Danny Anderson,Danny.Anderson@test.com,8015551212,1075-01-01,773b5821-b992-4307-b738-d511b9e0a406,1.65529E+12,1.65529E+12,1.65529E+12,1.65529E+12
Chris Spencer,Chris.Spencer@test.com,8015551212,1074-01-01,bdfc0926-a6cb-4567-8798-fd003dd5fadf,1.65529E+12,1.65529E+12,1.65529E+12,
David Phillips,David.Phillips@test.com,8015551212,1071-01-01,f3161efa-b3ab-49db-8561-f23e1ffc791f,1.65529E+12,1.65529E+12,1.65529E+12,
Craig Phillips,Craig.Phillips@test.com,8015551212,1070-01-01,74db2795-a19f-48c6-bc20-a8660525dad3,1.65529E+12,1.65529E+12,1.65529E+12,
Liz Jackson,Liz.Jackson@test.com,8015551212,1069-01-01,41e55307-c7c3-4a9a-a607-61a8c1038456,1.65529E+12,1.65529E+12,1.65529E+12,
Larry Spencer,Larry.Spencer@test.com,8015551212,1068-01-01,b8a9332d-39f7-4994-a299-d60a747d288b,1.65529E+12,1.65529E+12,1.65529E+12,
Craig Huey,Craig.Huey@test.com,8015551212,1064-01-01,4ad3c0da-38a9-48f9-9d99-766a717a774c,1.65529E+12,1.65529E+12,1.65529E+12,
Craig Sanchez,Craig.Sanchez@test.com,8015551212,1062-01-01,74db2795-a19f-48c6-bc20-a8660525dad3,1.65529E+12,1.65529E+12,1.65529E+12,
John Jefferson,John.Jefferson@test.com,8015551212,1061-01-01,51439e39-27f8-4c04-95e3-dea5a6c4f7c1,1.65529E+12,1.65529E+12,1.65529E+12,
Larry Mitra,Larry.Mitra@test.com,8015551212,1057-01-01,bbff8516-ac15-4c1e-8215-df921995e043,1.65529E+12,1.65529E+12,1.65529E+12,1.65529E+12
Lyn Huey,Lyn.Huey@test.com,8015551212,1056-01-01,773b5821-b992-4307-b738-d511b9e0a406,1.65529E+12,1.65529E+12,1.65529E+12,
Suresh Staples,Suresh.Staples@test.com,8015551212,1055-01-01,bdfc0926-a6cb-4567-8798-fd003dd5fadf,1.65529E+12,1.65529E+12,1.65529E+12,
Jaya Doshi,Jaya.Doshi@test.com,8015551212,1051-01-01,5fe9200a-fd9b-4c09-9037-9ed5d14d6f6a,1.65529E+12,1.65529E+12,1.65529E+12,
David Staples,David.Staples@test.com,8015551212,1050-01-01,ece6edf8-a14c-4489-a41c-98fe1b72b059,1.65529E+12,1.65529E+12,1.65529E+12,1.65529E+12
Chris Davis,Chris.Davis@test.com,8015551212,1049-01-01,2e34a651-5e26-4280-b30b-9f2066496a89,1.65529E+12,1.65529E+12,1.65529E+12,
Larry Jefferson,Larry.Jefferson@test.com,8015551212,1048-01-01,938516ed-1680-49f5-993a-6187bf0a1eab,1.65529E+12,1.65529E+12,1.65529E+12,1.65529E+12
Neeraj Doshi,Neeraj.Doshi@test.com,8015551212,1041-01-01,41e55307-c7c3-4a9a-a607-61a8c1038456,1.65529E+12,1.65529E+12,1.65529E+12,
Eric Clayton,Eric.Clayton@test.com,8015551212,1038-01-01,5d9bf1f7-0492-4bac-842b-3ed958fa5ba1,1.65529E+12,1.65529E+12,1.65529E+12,1.65529E+12
Senthil Olson,Senthil.Olson@test.com,8015551212,1037-01-01,2bc01cbe-2ea2-4603-b91a-5989b915d392,1.65529E+12,1.65529E+12,1.65529E+12,
Sarah Anandh,Sarah.Anandh@test.com,8015551212,1035-01-01,74db2795-a19f-48c6-bc20-a8660525dad3,1.65529E+12,1.65529E+12,1.65529E+12,
Gail Jones,Gail.Jones@test.com,8015551212,1034-01-01,5fe9200a-fd9b-4c09-9037-9ed5d14d6f6a,1.65529E+12,1.65529E+12,1.65529E+12,1.65529E+12
Larry Abram,Larry.Abram@test.com,8015551212,1033-01-01,9c0b4b10-9fb4-4a5c-9f69-7a6c796f1256,1.65529E+12,1.65529E+12,1.65529E+12,1.65529E+12
Frank Davis,Frank.Davis@test.com,8015551212,1032-01-01,773b5821-b992-4307-b738-d511b9e0a406,1.65529E+12,1.65529E+12,1.65529E+12,1.65529E+12
Eric Jefferson,Eric.Jefferson@test.com,8015551212,1031-01-01,b2892f78-f4bb-49ec-87fc-09d0f443596e,1.65529E+12,1.65529E+12,1.65529E+12,
Craig Mitra,Craig.Mitra@test.com,8015551212,1030-01-01,17486ebd-4c5d-4e84-b592-d1765bacf628,1.65529E+12,1.65529E+12,1.65529E+12,1.65529E+12
Liz Olson,Liz.Olson@test.com,8015551212,1029-01-01,2e34a651-5e26-4280-b30b-9f2066496a89,1.65529E+12,1.65529E+12,1.65529E+12,
Manoj Anandh,Manoj.Anandh@test.com,8015551212,1027-01-01,a9c6b46b-01d8-4f86-a8ed-b1bde922932e,1.65529E+12,1.65529E+12,1.65529E+12,
Sean Aristotle,Sean.Aristotle@test.com,8015551212,1026-01-01,773b5821-b992-4307-b738-d511b9e0a406,1.65529E+12,1.65529E+12,1.65529E+12,1.65529E+12
Ashley Gonzalez,Ashley.Gonzalez@test.com,8015551212,1023-01-01,94867fb9-570d-4031-b319-8a9d3b8c1c20,1.65529E+12,1.65529E+12,1.65529E+12,1.65529E+12
Angie Davis,Angie.Davis@test.com,8015551212,1021-01-01,a6cd85aa-09fa-4e9c-b28d-38881f6efc3c,1.65529E+12,1.65529E+12,1.65529E+12,1.65529E+12
Frank Jefferson,Frank.Jefferson@test.com,8015551212,1020-01-01,f3161efa-b3ab-49db-8561-f23e1ffc791f,1.65529E+12,1.65529E+12,1.65529E+12,1.65529E+12
Ben Jefferson,Ben.Jefferson@test.com,8015551212,1019-01-01,938516ed-1680-49f5-993a-6187bf0a1eab,1.65529E+12,1.65529E+12,1.65529E+12,
Spencer Jones,Spencer.Jones@test.com,8015551212,1018-01-01,bdfc0926-a6cb-4567-8798-fd003dd5fadf,1.65529E+12,1.65529E+12,1.65529E+12,
Liz Spencer,Liz.Spencer@test.com,8015551212,1015-01-01,9c0b4b10-9fb4-4a5c-9f69-7a6c796f1256,1.65529E+12,1.65529E+12,1.65529E+12,1.65529E+12
Jaya Harris,Jaya.Harris@test.com,8015551212,1014-01-01,ece6edf8-a14c-4489-a41c-98fe1b72b059,1.65529E+12,1.65529E+12,1.65529E+12,1.65529E+12
Bobby Khatib,Bobby.Khatib@test.com,8015551212,1012-01-01,2e34a651-5e26-4280-b30b-9f2066496a89,1.65529E+12,1.65529E+12,1.65529E+12,1.65529E+12
Lyn Aristotle,Lyn.Aristotle@test.com,8015551212,1010-01-01,17486ebd-4c5d-4e84-b592-d1765bacf628,1.65529E+12,1.65529E+12,1.65529E+12,
Jane Jackson,Jane.Jackson@test.com,8015551212,1008-01-01,94867fb9-570d-4031-b319-8a9d3b8c1c20,1.65529E+12,1.65529E+12,1.65529E+12,1.65529E+12
Jacob Anandh,Jacob.Anandh@test.com,8015551212,1007-01-01,bdfc0926-a6cb-4567-8798-fd003dd5fadf,1.65529E+12,1.65529E+12,1.65529E+12,1.65529E+12
Senthil Howard,Senthil.Howard@test.com,8015551212,1005-01-01,5d9bf1f7-0492-4bac-842b-3ed958fa5ba1,1.65529E+12,1.65529E+12,1.65529E+12,
Jacob Khatib,Jacob.Khatib@test.com,8015551212,1004-01-01,bdfc0926-a6cb-4567-8798-fd003dd5fadf,1.65529E+12,1.65529E+12,1.65529E+12,
Sean Davis,Sean.Davis@test.com,8015551212,1003-01-01,159a908a-371e-40c1-ba92-dcdea483a6a2,1.65529E+12,1.65529E+12,1.65529E+12,
Angie Anderson,Angie.Anderson@test.com,8015551212,1000-01-01,fc868710-172e-408b-895d-ba0a5406e4da,1.65529E+12,1.65529E+12,1.65529E+12,1.65529E+12
Jason Clayton,Jason.Clayton@test.com,8015551212,999-01-01,a9c6b46b-01d8-4f86-a8ed-b1bde922932e,1.65529E+12,1.65529E+12,1.65529E+12,
Neeraj Habschied,Neeraj.Habschied@test.com,8015551212,998-01-01,4ad3c0da-38a9-48f9-9d99-766a717a774c,1.65529E+12,1.65529E+12,1.65529E+12,
Jaya Sanchez,Jaya.Sanchez@test.com,8015551212,995-01-01,b8a9332d-39f7-4994-a299-d60a747d288b,1.65529E+12,1.65529E+12,1.65529E+12,
Jason Huey,Jason.Huey@test.com,8015551212,994-01-01,4ad3c0da-38a9-48f9-9d99-766a717a774c,1.65529E+12,1.65529E+12,1.65529E+12,1.65529E+12
Sean Wu,Sean.Wu@test.com,8015551212,993-01-01,f831cb34-4ef3-42cf-9ee7-a0240b515f33,1.65529E+12,1.65529E+12,1.65529E+12,1.65529E+12
Santosh Habschied,Santosh.Habschied@test.com,8015551212,991-01-01,5d9bf1f7-0492-4bac-842b-3ed958fa5ba1,1.65529E+12,1.65529E+12,1.65529E+12,
Jerry Harris,Jerry.Harris@test.com,8015551212,990-01-01,51fe4a0b-84bf-4fd8-ac10-638481219601,1.65529E+12,1.65529E+12,1.65529E+12,1.65529E+12
Neeraj Jones,Neeraj.Jones@test.com,8015551212,988-01-01,bdfc0926-a6cb-4567-8798-fd003dd5fadf,1.65529E+12,1.65529E+12,1.65529E+12,
Edward Doshi,Edward.Doshi@test.com,8015551212,987-01-01,17486ebd-4c5d-4e84-b592-d1765bacf628,1.65529E+12,1.65529E+12,1.65529E+12,1.65529E+12
Eric Clayton,Eric.Clayton@test.com,8015551212,986-01-01,bdfc0926-a6cb-4567-8798-fd003dd5fadf,1.65529E+12,1.65529E+12,1.65529E+12,
Lyn Gonzalez,Lyn.Gonzalez@test.com,8015551212,978-01-01,fc868710-172e-408b-895d-ba0a5406e4da,1.65529E+12,1.65529E+12,1.65529E+12,1.65529E+12
Ashley Fibonnaci,Ashley.Fibonnaci@test.com,8015551212,977-01-01,4ad3c0da-38a9-48f9-9d99-766a717a774c,1.65529E+12,1.65529E+12,1.65529E+12,
Craig Howard,Craig.Howard@test.com,8015551212,976-01-01,bdfc0926-a6cb-4567-8798-fd003dd5fadf,1.65529E+12,1.65529E+12,1.65529E+12,
Sarah Howard,Sarah.Howard@test.com,8015551212,973-01-01,a6cd85aa-09fa-4e9c-b28d-38881f6efc3c,1.65529E+12,1.65529E+12,1.65529E+12,1.65529E+12
Ashley Clark,Ashley.Clark@test.com,8015551212,972-01-01,b2892f78-f4bb-49ec-87fc-09d0f443596e,1.65529E+12,1.65529E+12,1.65529E+12,1.65529E+12
Jaya Clayton,Jaya.Clayton@test.com,8015551212,971-01-01,2e34a651-5e26-4280-b30b-9f2066496a89,1.65529E+12,1.65529E+12,1.65529E+12,
Larry Staples,Larry.Staples@test.com,8015551212,969-01-01,b8a9332d-39f7-4994-a299-d60a747d288b,1.65529E+12,1.65529E+12,1.65529E+12,
Larry Wu,Larry.Wu@test.com,8015551212,968-01-01,41e55307-c7c3-4a9a-a607-61a8c1038456,1.65529E+12,1.65529E+12,1.65529E+12,
Spencer Sanchez,Spencer.Sanchez@test.com,8015551212,967-01-01,ece6edf8-a14c-4489-a41c-98fe1b72b059,1.65529E+12,1.65529E+12,1.65529E+12,
